color_name,color_code,color_fam
White Opulence,OC-69,red
Alabaster,OC-129,red
Gardenia,AF-10,red
Pink Damask,OC-72,red
Sand Dollar,OC-71,red
Whitewater Bay,OC-70,red
Vintage Taupe,2110-70,red
Opal,OC-73,red
Colonial Cream,OC-77,red
Parchment,OC-78,red
Onyx White,OC-74,red
Pristine,OC-75,red
Old Country,OC-76,red
Brandy Cream,OC-4,red
Butter Pecan,OC-89,red
Bare,OC-98,red
Capri Coast,OC-87,red
Evening White,OC-81,red
Antique White,OC-83,red
Old Fashioned Peach,OC-79,red
Pirates Cove Beach,OC-80,red
Cream Froth,OC-97,red
Sugar Cookie,OC-93,red
Ivory Tusk,OC-91,red
Devon Cream,OC-102,red
Pompeii,OC-82,red
Desolate,OC-101,red
Crème Caramel,OC-84,red
White Blush,OC-86,red
Collector's Item,AF-45,red
Indian White,OC-88,red
Deserted Island,OC-99,red
Lambskin,OC-3,red
Muslin,OC-12,red
Cedar Key,OC-16,red
Timid White,OC-39,red
Feather Down,OC-6,red
Maritime White,OC-5,red
Sail Cloth,OC-142,red
Creamy White,OC-7,red
White Sand,OC-10,red
Clay Beige,OC-11,red
Linen White,OC-146,red
Navajo White,OC-95,red
Albescent,OC-40,red
Natural Wicker,OC-1,red
Palace White,OC-100,red
Gentle Cream,OC-96,red
Pale Almond,OC-2,red
Mayonnaise,OC-85,red
Windswept,OC-94,red
Cameo White,OC-147,red
Mannequin Cream,OC-92,red
Antique Lace,OC-104,red
Corinthian White,OC-111,red
Montgomery White,OC-148,red
Mountain Peak White,OC-121,red
White Chocolate,OC-127,red
Vanilla Ice Cream,OC-90,red
Milkyway,OC-110,red
Calming Cream,OC-105,red
Antique Yellow,OC-103,red
Goldtone,OC-112,red
Simply White,OC-117,red
Mascarpone,AF-20,red
Easter Lily,OC-126,red
Powder Sand,OC-113,red
Man on the Moon,OC-106,red
Antiquity,OC-107,red
Pale Moon,OC-108,red
Marble White,OC-34,red
Opaline,OC-33,red
Grand Teton White,OC-132,red
Niveous,OC-36,red
Spanish White,OC-35,red
Lancaster White,OC-144,red
Elephant Tusk,OC-8,red
Steam,AF-15,red
White Dove,OC-17,red
Swiss Coffee,OC-45,red
White Down,OC-131,red
Ballet White,OC-9,red
Fog Mist,OC-31,red
Baby Fawn,OC-15,red
Lacey Pearl,2108-70,red
Calm,OC-22,red
Silver Satin,OC-26,red
Classic Gray,OC-23,red
Pale Oak,OC-20,red
Balboa Mist,OC-27,red
Collingwood,OC-28,red
Cloud White,OC-130,red
Cloud Cover,OC-25,red
Glacier White,OC-37,red
Soft Chamois,OC-13,red
Dove Wing,OC-18,red
Seapearl,OC-19,red
Wind's Breath,OC-24,red
Snowfall White,OC-118,red
Moonlight White,OC-125,red
Floral White,OC-29,red
Old Prairie,OC-42,red
Ashwood,OC-47,red
Natural Cream,OC-14,red
Tapestry Beige,OC-32,red
Cotton Balls,OC-122,red
Bavarian Cream,OC-123,red
Acadia White,OC-38,red
Lemon Chiffon,OC-109,red
Lemon Ice,OC-114,red
Cream Silk,OC-115,red
Pale Celery,OC-116,red
Alpine White,OC-124,red
Minced Onion,OC-128,red
Seashell,OC-120,red
Ancient Ivory,OC-133,red
Cream Cloak,OC-135,red
Celery Salt,OC-136,red
Misty Air,OC-44,red
Paper Mache,AF-25,red
Meadow Mist,OC-134,red
Halo,OC-46,red
Gray Mist,OC-30,red
French Canvas,OC-41,red
Overcast,OC-43,red
Sea Wind,OC-139,red
Icicle,OC-60,red
Cloud Nine,OC-119,red
Sebring White,OC-137,red
White Drifts,OC-138,red
November Rain,OC-50,red
Morning Dew,OC-140,red
Hazy Skies,OC-48,red
Frostine,AF-5,red
Vanilla Milkshake,OC-59,red
Winter White,OC-21,red
Cascade Mountains,862,red
Intense White,OC-51,red
Titanium,OC-49,red
Gray Owl,OC-52,red
Snow White,OC-66,red
Ice Mist,OC-67,red
White Ice,OC-58,red
White Wisp,OC-54,red
Paper White,OC-55,red
Horizon,OC-53,red
Moonshine,OC-56,red
Wedding Veil,2125-70,red
Palest Pistachio,2122-60,red
Marilyn's Dress,2125-60,red
Stone White,2120-70,red
Full Moon,2119-70,red
Tundra,2133-70,red
Genesis White,2134-70,red
Distant Gray,OC-68,red
White Heron,OC-57,red
Chalk White,2126-70,red
Winter Snow,OC-63,red
Misty Gray,2124-60,red
Baby's Breath,OC-62,red
Pure White,OC-64,red
Chantilly Lace,OC-65,red
Super White,OC-152,red
White,OC-151,red
Ultra White,CC-10,red
Brilliant White,OC-150,red
Decorator's White,OC-149,red
White Diamond,OC-61,red
Harwood Putty,CW-5,red
Capitol White,CW-10,red
Parish White,CW-15,red
Geddy White,CW-20,red
Peach Parfait,2175-70,orange
Soft Shell,015,orange
Pale Pink Satin,008,orange
Bermuda Pink,016,orange
Phoenix Sand,017,orange
Pink Polka Dot,004,orange
Picante,006,orange
Bridal Pink,2013-70,orange
Pink Harmony,2013-60,orange
Salmon Peach,2013-50,orange
Pink Paradise,003,orange
Coral Reef,012,orange
Fan Coral,013,orange
Soft Glow,014,orange
Soft White,2170-70,orange
Sunlit Coral,2170-60,orange
Teacup Rose,2170-50,orange
Summer Sun Pink,2012-40,orange
Starburst Orange,2010-30,orange
Warm Comfort,2010-20,orange
Tomato Red,2010-10,orange
Sun Washed,2169-70,orange
Peach Cloud,2169-60,orange
Malibu Peach,2169-50,orange
Dusk Pink,2013-40,orange
Tucson Coral,005,orange
Piñata,007,orange
Orange,2011-10,orange
Light Salmon,2175-60,orange
Coral Buff,024,orange
Vivid Peach,025,orange
Monticello Peach,018,orange
Tangerine Dream,2012-30,orange
Flame,2012-20,orange
Tawny Day Lily,2012-10,orange
Sanibel Peach,072,orange
Amber Winds,073,orange
Salmon Run,019,orange
Fresno,020,orange
Hot Spice,2011-30,orange
Blazing Orange,2011-20,orange
Navajo Red,2171-10,orange
Heirloom,023,orange
Daylily,080,orange
Peach Cobbler,2169-40,orange
Jupiter Glow,021,orange
Jeweled Peach,2013-30,orange
Orange Nectar,2013-20,orange
Outrageous Orange,2013-10,orange
Sun Kissed Peach,2168-70,orange
Pumpkin Mousse,058,orange
Peach Blossom,2175-50,orange
Coral Glow,026,orange
Rich Coral,028,orange
Adobe Orange,2171-30,orange
Fireball Orange,2170-10,orange
Fondant,AF-255,orange
Sheer Pink,894,orange
Antique Coral,1198,orange
Farmer's Market,054,orange
Baked Terra Cotta,1202,orange
Spiced Pumpkin,034,orange
Salsa Dancing,AF-280,orange
Ecru,2014-70,orange
Whispering Peach,2014-60,orange
Springtime Peach,2014-50,orange
Coral Spice,2170-40,orange
Autumn Cover,2170-30,orange
Tropical Orange,2170-20,orange
Fire Dance,2171-20,orange
Sunset Hill,1212,orange
Peach Nectar,2168-60,orange
Summer Melon,2168-50,orange
Sausalito Sunset,074,orange
San Antonio Rose,027,orange
Prairie Lily,CC-98,orange
Fiery Opal,077,orange
Rosebud,065,orange
Forever Young,066,orange
Del Ray Peach,067,orange
Tuscan Tile,CSP-1130,orange
Coral Bells,CSP-1135,orange
Sedona Clay,2174-30,orange
Georgian Brick,HC-50,orange
Pink Moiré,050,orange
Golden Beige,100,orange
Orange Creamsicle,059,orange
Fresh Peach,060,orange
Mexican Tile,1194,orange
Audubon Russet,HC-51,orange
Egyptian Clay,CSP-1140,orange
Summer Peach,2167-70,orange
Queen Anne Pink,HC-60,orange
Careless Whispers,1214,orange
Apricot Beige,1205,orange
Cinnamon 'n Spice,1215,orange
Patina,1195,orange
Mayflower Red,HC-49,orange
Winter Sky,2163-70,orange
Beautiful in My Eyes,1170,orange
Love Always,896,orange
Outer Banks,1206,orange
Lake House,1175,orange
Amaretto,CSP-325,orange
Oregon Trail,1230,orange
Tissue Pink,1163,orange
Milk Shake,1165,orange
Crossroads,1226,orange
Nutmeg,1227,orange
Fox Run,1229,orange
Mountain Retreat,1176,orange
Cowboy Boots,1015,orange
Candle White,2164-70,orange
Basking Ridge Beige,1158,orange
Boudoir,AF-190,orange
Cashmere Wrap,CSP-345,orange
Gaucho Brown,2096-40,orange
Carob,AF-160,orange
Raisin,1237,orange
Soft Satin,2164-60,orange
Saint Martin Sand,2164-50,orange
Deer Field,1159,orange
Venetian Portico,AF-185,orange
Fox Hollow Brown,1235,orange
Sorrel Brown,1236,orange
Falcon Brown,1238,orange
Georgetown Pink Beige,HC-56,orange
Clementine Rose,1219,orange
Winthrop Peach,HC-55,orange
Ipanema,AF-245,orange
Chocolate Pudding,1014,orange
Riding Boots,CSP-300,orange
Ferret Brown,2108-10,orange
Inner Peach,1150,orange
Shorewood,1151,orange
Groundhog Day,1166,orange
Roman Shade,1228,orange
Saddle Soap,2110-30,orange
Chocolate Candy Brown,2107-10,orange
Grizzly Bear Brown,2111-20,orange
Latte,2163-60,orange
Burlap,2163-50,orange
Nature's Symphony,1152,orange
San Carlos Tan,1207,orange
Ten Gallon Hat,1210,orange
Arizona Canyon,1211,orange
Chocolate Truffle,2096-20,orange
Pensacola Pink,1184,orange
Nautilus Shell,064,orange
Adobe Dust,2175-40,orange
Pumpkin Patch,055,orange
Montana Agate,056,orange
Pumice Stone,1197,orange
Abbey Brown,1225,orange
Sweet Salmon,2167-60,orange
Perfect Peach,2167-50,orange
Intense Peach,081,orange
Oriole,2169-30,orange
Rust,2175-30,orange
Pilgrimage Foliage,2175-20,orange
Aztec Brick,2175-10,orange
Daytona Peach,079,orange
Summer Peach Tree,088,orange
Peachy Keen,2014-40,orange
Tangy Orange,2014-30,orange
Rumba Orange,2014-20,orange
Orange Parrot,2169-20,orange
Racing Orange,2169-10,orange
Peach Cooler,022,orange
Cameo Rose,071,orange
Peachland,2168-40,orange
Sunset Boulevard,082,orange
Tangerine Fusion,083,orange
Fiesta Orange,084,orange
Festive Orange,2014-10,orange
Ambrosia,893,orange
Sunfish,095,orange
Succulent Peach,068,orange
Flamingo Orange,075,orange
Golden Cherry,069,orange
Corlsbud Canyon,076,orange
Topaz,070,orange
Peach Melba,078,orange
Juno Peach,087,orange
Hugs & Kisses,097,orange
Orange Blossom,2168-30,orange
Bryce Canyon,098,orange
Pumpkin Cream,2168-20,orange
Fall Harvest,2168-10,orange
Pale Oats,2166-60,orange
Creamy Orange,2166-50,orange
Toffee Orange,2167-40,orange
Vegetable Patch,062,orange
Pennies From Heaven,063,orange
Firenze,AF-225,orange
Tandoori,CSP-1105,orange
Warm Blush,892,orange
Aphrodite Pink,895,orange
Melon Cup,101,orange
Myrtle Beach,061,orange
Sienna Clay,104,orange
Terra Mauve,105,orange
Warmed Cognac,AF-235,orange
Candle Light,099,orange
Sycamore,1137,orange
Milk and Honey,AF-210,orange
Italianate,AF-215,orange
Lenape Trail,1222,orange
Toasted Pecan,1209,orange
Copper Kettle,1218,orange
Orange Sorbet,057,orange
Serendipity,AF-205,orange
Baker's Dozen,1216,orange
Tuscany,1208,orange
Suntan Bronze,1217,orange
Brentwood,1223,orange
Satchel,AF-240,orange
Bayshore Beige,1079,orange
Fox Hedge Tan,1167,orange
Chadwick Brown,1160,orange
Birchwood,1161,orange
Antique Copper,1169,orange
Coyote Trail,1224,orange
Charleston Brown,HC-186,orange
White Oaks,1080,orange
Dark Buff,CSP-320,orange
Wooded Vista,1162,orange
Maplewood,1133,orange
Cattail,CSP-295,orange
Kona,AF-165,orange
Brown Tar,2110-20,orange
Gentle Repose,1149,orange
Terra Bella,AF-195,orange
Metallic Gold,2163-40,orange
Penny,2163-30,orange
Pony Brown,2163-20,orange
Grandfather Clock Brown,2096-30,orange
Seed Brown,2096-10,orange
French Manicure,1086,orange
Sheraton Beige,HC-57,orange
Grazing Fawn,1220,orange
Serengeti Sand,2164-40,orange
Rich Clay Brown,2164-30,orange
Marsh Brown,2164-20,orange
Saddle Brown,2164-10,orange
Amelia Blush,085,orange
Dearborn Tan,1153,orange
Wilderness Cabin,1168,orange
Potters Clay,1221,orange
Old Canal,1132,orange
Log Cabin,2163-10,orange
Hidden Valley,1134,orange
Adobe White,2166-70,orange
Apricot Tint,086,orange
Casabella,102,orange
Mountain Hideaway,1154,orange
Fire Glow,CSP-1095,orange
Cappuccino Muffin,1155,orange
Masada,AF-220,orange
Apricot Ice,2015-70,orange
Tudor Cream,2157-60,orange
Hathaway Peach,HC-53,orange
Sweet 'n Sour,103,orange
Peach Brandy,112,orange
Pumpkin Pie,2167-20,orange
Gold Rush,2166-10,orange
Gerbera Daisy,2015-60,orange
Peach Stone,094,orange
Soft Salmon,096,orange
Tooty Fruity,089,orange
Butterfly Wings,090,orange
Tangerine Melt,091,orange
Electric Orange,2015-10,orange
Apricot Chiffon,136,orange
Funky Fruit,2015-50,orange
Peach Pudding,137,orange
Vivid Beauty,138,orange
Party Peach,139,orange
Calypso Orange,2015-30,orange
Orange Burst,2015-20,orange
Peach Cider,135,orange
Crisp Straw,2157-50,orange
Citrus Blossom,123,orange
Ansonia Peach,HC-52,orange
Soft Pumpkin,2166-40,orange
Harvest Moon,2167-30,orange
Burnt Caramel,2167-10,orange
Georgia On My Mind,134,orange
Jumel Peachtone,HC-54,orange
Persian Melon,117,orange
Starfish,110,orange
Rio Rancho Clay,111,orange
Buttered Yam,AF-230,orange
Caramel Latte,2166-20,orange
Arizona Peach,092,orange
Melon Ice,106,orange
Crestwood Tan,116,orange
Beeswax,2157-40,orange
Grand Canyon,118,orange
Cornucopia Tan,119,orange
Bronze Tone,2166-30,orange
Delicate Peach,120,orange
Peach Complexion,115,orange
Tangerine Mist,129,orange
Orange Sherbet,122,orange
Peach Sorbet,2015-40,orange
Antelope Canyon,125,orange
14 Carrots,CSP-1110,orange
Winter Melon,093,orange
Sweet Melon,121,orange
Peach Jam,130,orange
Seville Oranges,131,orange
Tangerine Zing,132,orange
Carrot Stick,2016-30,orange
Startling Orange,2016-10,orange
Lion Yellow,2158-60,orange
Creamy Beige,2016-60,orange
Melon Popsicle,2016-50,orange
Marmalade,2016-40,orange
New Dawn,133,orange
Fruit Punch,140,orange
Citrus Orange,2016-20,orange
Woodland Snow,2161-70,orange
Florida Seashells,128,orange
Manila,2158-50,orange
Pineapple Orange,158,orange
Orange Appeal,124,orange
Pumpkin Spice,126,orange
Peruvian Chili,CSP-1100,orange
Ivory Tower,2157-70,orange
Beachcrest Sand,114,orange
Cantaloupe,157,orange
Soft Marigold,160,orange
Butterscotch,2157-30,orange
Golden Harvest,2157-20,orange
Golden Dunes,2157-10,orange
Soft Beige,2156-60,orange
Sweet Nectar,156,orange
Asbury Sand,2156-50,orange
August Morning,2156-40,orange
Brilliant Amber,161,orange
Jack O'Lantern,2156-30,orange
Autumn Orange,2156-10,orange
Lychee,AF-40,orange
Pumpkin Seeds,113,orange
Natural Sand,2165-50,orange
Golden Mist,2158-40,orange
Harvest Bronze,1146,orange
Amber,168,orange
Pumpkin Blush,2156-20,orange
Hazelnut Cream,2161-60,orange
Yellow Squash,2161-50,orange
Face Powder,CSP-1085,orange
Approaching Autumn,CSP-1090,orange
Warm Sunglow,CSP-1070,orange
Butterscotch Sundae,1147,orange
Byzantine,CSP-1075,orange
Mystic Beige,2162-60,orange
Home Sweet Home,1088,orange
Tucson Tan,1144,orange
Natural Leather,CSP-1065,orange
Toffee Cream,1138,orange
Maryville Brown,HC-75,orange
Glenwood Brown,1141,orange
Creamy Satin,1087,orange
Lingerie,AF-200,orange
Hidden Oaks,1129,orange
Cafe Royal,1130,orange
Jackson Tan,HC-46,orange
Lake Shore Trail,1084,orange
Vero Beach Tan,1085,orange
Arizona Tan,2162-50,orange
Chilled Chardonnay,1089,orange
Farm Fresh,AF-360,orange
Autumn Leaf,1131,orange
Café au Lait,CSP-290,orange
Valley Forge Brown,HC-74,orange
Plymouth Brown,HC-73,orange
Powder Puff,1143,orange
Acorn Yellow,2161-40,orange
Butternut Squash,1090,orange
Warm Apple Crisp,1091,orange
Glazed Pear,1092,orange
Runyon Canyon Tan,1140,orange
Honeycomb,1120,orange
Heartsmere,1114,orange
Creamy Custard,1145,orange
Harbor Highlands Tan,1139,orange
Cognac Snifter,1148,orange
Tawny,2161-20,orange
Coppertone,2161-10,orange
Mexican Hot Chocolate,CSP-1080,orange
Flawless,AF-320,orange
Mohave Desert,1115,orange
Sepia Tan,1116,orange
Guesthouse,1117,orange
Desert Beach,1104,orange
Maple Syrup,1105,orange
Etruscan,AF-355,orange
Durango Dust,2165-60,orange
Chamois,1108,orange
Monarch Gold,1109,orange
Barley Harvest,1070,orange
Peanut Shell,2162-40,orange
Fairmont Gold,1071,orange
Dark Mustard,2161-30,orange
Handmade,AF-325,orange
Glowing Apricot,165,orange
Peach Crisp,159,orange
Old Gold,167,orange
Delightful Golden,2158-30,orange
Venetian Gold,2158-20,orange
Dried Mustard,2158-10,orange
Birmingham Cream,164,orange
Wheatfield,2159-50,orange
Golden Light,143,orange
Honey Burst,144,orange
Honeybell,145,orange
Golden Archway,146,orange
Fruity Cocktail,147,orange
White Cloud,2159-70,orange
Pale Daffodil,2017-60,orange
Yellow Haze,2017-50,orange
Sweet Orange,2017-40,orange
Tangelo,2017-30,orange
Sharp Cheddar,2017-20,orange
Orange Juice,2017-10,orange
Fine China,2156-70,orange
Pineapple Smoothy,142,orange
Peach Yogurt,150,orange
Orange Froth,151,orange
Florida Orange,152,orange
Fresh Fruit,153,orange
Mango Punch,154,orange
Cancun Sand,2016-70,orange
Country White,898,orange
Secluded Beach,899,orange
Amber Waves,2159-40,orange
Orange Ice,166,orange
Eye of the Tiger,188,orange
Morgan Hill Gold,189,orange
Rich Cream,2153-60,orange
Cookie Dough,916,orange
Somerset Peach,163,orange
Oklahoma Wheat,2160-50,orange
Roasted Sesame Seed,2160-40,orange
Golden Retriever,2165-30,orange
Golden Meadow,2165-20,orange
White Mountains,906,orange
Point Pleasant,155,orange
Hilton Head Cream,1107,orange
Fennel Seed,1101,orange
Dark Beige,2165-40,orange
Roxbury Caramel,HC-42,orange
Richmond Gold,HC-41,orange
Kansas Grain,2160-60,orange
Cream,2159-60,orange
Precious Ivory,185,orange
Boardwalk,1102,orange
Camel Back,1103,orange
Gladstone Tan,1106,orange
Greenfield Pumpkin,HC-40,orange
Peach Pie,127,orange
Jicama,AF-315,orange
Safari,AF-335,orange
Tawny Bisque,1110,orange
Sandy Valley,1112,orange
Gingersnaps,1063,orange
Warm Tan,2162-30,orange
Ylang Ylang,AF-305,orange
Sundial,1100,orange
Harvest Time,186,orange
Honeymoon,AF-345,orange
Graham Cracker,1113,orange
Gettysburgh Gold,1064,orange
Autumn Bronze,2162-10,orange
Cotton Tail,2155-70,orange
Hepplewhite Ivory,HC-36,orange
Key West Ivory,192,orange
Goldfinch,187,orange
Gingerbread Man,1111,orange
Camel,2165-10,orange
Desert Camel,2162-20,orange
White Vanilla,2017-70,orange
Filtered Sunlight,2154-60,orange
Porter Ranch Cream,148,orange
Desert Tan,2153-50,orange
Maple Sugar,2160-30,orange
Turmeric,2160-20,orange
Caramel Corn,2160-10,orange
Citrus Mist,141,orange
San Mateo Beaches,924,orange
Straw,2154-50,orange
Semolina,2155-40,orange
Yellow Marigold,2155-30,orange
Gold Mine,2155-20,orange
Desert Sunset,2155-10,orange
Cream Yellow,2155-60,orange
Sun Blossom,149,orange
Suntan Yellow,2155-50,orange
Happily Ever After,173,orange
Citrus Blast,2018-30,orange
Mandarin Orange,2018-20,orange
Orange Sky,2018-10,orange
Ludwell White,CW-275,orange
Byrd Beige,CW-365,orange
Sweeney Yellow,CW-370,orange
Moir Gold,CW-280,orange
Gamboge,CW-285,orange
Massicot,CW-380,orange
Bryan Ochre,CW-390,orange
Raleigh Peach,CW-205,orange
Galt Peach,CW-210,orange
Tavern Ochre,CW-375,orange
Coffeehouse Ochre,CW-385,orange
English Ochre,CW-290,orange
Hale Orange,CW-295,orange
Tucker Orange,CW-300,orange
Windham Cream,HC-6,yellow
Honeywheat,179,yellow
Country Comfort,305,yellow
Nacho Cheese,2018-40,yellow
Oxford Gold,315,yellow
Sunflower Fields,174,yellow
Mayan Gold,175,yellow
Old World Romance,303,yellow
Shooting Star,304,yellow
Morning Sunshine,2018-50,yellow
Sunny Days,172,yellow
Corn Husk,307,yellow
Golden Vista,308,yellow
Dash of Curry,2159-10,yellow
Soleil,AF-330,yellow
Popcorn Kernel,310,yellow
Sweet Butter,171,yellow
Lion Heart,306,yellow
Pan for Gold,181,yellow
Apple Crisp,2159-30,yellow
Peanut Butter,2159-20,yellow
Aura,169,yellow
Golden Lab,178,yellow
Yellow Topaz,CSP-945,yellow
York Harbor Yellow,2154-40,yellow
Bryant Gold,HC-7,yellow
Buttercup,2154-30,yellow
Glowing Umber,182,yellow
Golden Straw,2152-50,yellow
Dijon,193,yellow
Dorset Gold,HC-8,yellow
Hathaway Gold,194,yellow
Kurkuma,AF-350,yellow
Corduroy,2153-20,yellow
Golden Bark,2153-10,yellow
Vellum,207,yellow
Golden Tan,2152-40,yellow
Chestertown Buff,HC-9,yellow
Walk on the Beach®,CSP-975,yellow
Cork,2153-40,yellow
French Horn,195,yellow
Goldenhurst,196,yellow
America's Heartland,197,yellow
Cornsilk,198,yellow
Barley,199,yellow
Concord Ivory,HC-12,yellow
Stuart Gold,HC-10,yellow
Spicy Mustard,2154-20,yellow
Yellow Oxide,2154-10,yellow
Windham Cream,HC-6,yellow
Honeywheat,179,yellow
Country Comfort,305,yellow
Nacho Cheese,2018-40,yellow
Oxford Gold,315,yellow
Sunflower Fields,174,yellow
Mayan Gold,175,yellow
Old World Romance,303,yellow
Shooting Star,304,yellow
Morning Sunshine,2018-50,yellow
Sunny Days,172,yellow
Corn Husk,307,yellow
Golden Vista,308,yellow
Dash of Curry,2159-10,yellow
Soleil,AF-330,yellow
Popcorn Kernel,310,yellow
Sweet Butter,171,yellow
Lion Heart,306,yellow
Pan for Gold,181,yellow
Apple Crisp,2159-30,yellow
Peanut Butter,2159-20,yellow
Aura,169,yellow
Golden Lab,178,yellow
Yellow Topaz,CSP-945,yellow
York Harbor Yellow,2154-40,yellow
Bryant Gold,HC-7,yellow
Buttercup,2154-30,yellow
Glowing Umber,182,yellow
Golden Straw,2152-50,yellow
Dijon,193,yellow
Dorset Gold,HC-8,yellow
Hathaway Gold,194,yellow
Kurkuma,AF-350,yellow
Corduroy,2153-20,yellow
Golden Bark,2153-10,yellow
Vellum,207,yellow
Golden Tan,2152-40,yellow
Chestertown Buff,HC-9,yellow
Walk on the Beach®,CSP-975,yellow
Cork,2153-40,yellow
French Horn,195,yellow
Goldenhurst,196,yellow
America's Heartland,197,yellow
Cornsilk,198,yellow
Barley,199,yellow
Concord Ivory,HC-12,yellow
Stuart Gold,HC-10,yellow
Spicy Mustard,2154-20,yellow
Yellow Oxide,2154-10,yellow
Windham Cream,HC-6,yellow
Honeywheat,179,yellow
Country Comfort,305,yellow
Nacho Cheese,2018-40,yellow
Oxford Gold,315,yellow
Sunflower Fields,174,yellow
Mayan Gold,175,yellow
Old World Romance,303,yellow
Shooting Star,304,yellow
Morning Sunshine,2018-50,yellow
Sunny Days,172,yellow
Corn Husk,307,yellow
Golden Vista,308,yellow
Dash of Curry,2159-10,yellow
Soleil,AF-330,yellow
Popcorn Kernel,310,yellow
Sweet Butter,171,yellow
Lion Heart,306,yellow
Pan for Gold,181,yellow
Apple Crisp,2159-30,yellow
Peanut Butter,2159-20,yellow
Aura,169,yellow
Golden Lab,178,yellow
Yellow Topaz,CSP-945,yellow
York Harbor Yellow,2154-40,yellow
Bryant Gold,HC-7,yellow
Buttercup,2154-30,yellow
Glowing Umber,182,yellow
Golden Straw,2152-50,yellow
Dijon,193,yellow
Dorset Gold,HC-8,yellow
Hathaway Gold,194,yellow
Kurkuma,AF-350,yellow
Corduroy,2153-20,yellow
Golden Bark,2153-10,yellow
Vellum,207,yellow
Golden Tan,2152-40,yellow
Chestertown Buff,HC-9,yellow
Walk on the Beach®,CSP-975,yellow
Cork,2153-40,yellow
French Horn,195,yellow
Goldenhurst,196,yellow
America's Heartland,197,yellow
Cornsilk,198,yellow
Barley,199,yellow
Concord Ivory,HC-12,yellow
Stuart Gold,HC-10,yellow
Spicy Mustard,2154-20,yellow
Yellow Oxide,2154-10,yellow
Windham Cream,HC-6,yellow
Honeywheat,179,yellow
Country Comfort,305,yellow
Nacho Cheese,2018-40,yellow
Oxford Gold,315,yellow
Sunflower Fields,174,yellow
Mayan Gold,175,yellow
Old World Romance,303,yellow
Shooting Star,304,yellow
Morning Sunshine,2018-50,yellow
Sunny Days,172,yellow
Corn Husk,307,yellow
Golden Vista,308,yellow
Dash of Curry,2159-10,yellow
Soleil,AF-330,yellow
Popcorn Kernel,310,yellow
Sweet Butter,171,yellow
Lion Heart,306,yellow
Pan for Gold,181,yellow
Apple Crisp,2159-30,yellow
Peanut Butter,2159-20,yellow
Aura,169,yellow
Golden Lab,178,yellow
Yellow Topaz,CSP-945,yellow
York Harbor Yellow,2154-40,yellow
Bryant Gold,HC-7,yellow
Buttercup,2154-30,yellow
Glowing Umber,182,yellow
Golden Straw,2152-50,yellow
Dijon,193,yellow
Dorset Gold,HC-8,yellow
Hathaway Gold,194,yellow
Kurkuma,AF-350,yellow
Corduroy,2153-20,yellow
Golden Bark,2153-10,yellow
Vellum,207,yellow
Golden Tan,2152-40,yellow
Chestertown Buff,HC-9,yellow
Walk on the Beach®,CSP-975,yellow
Cork,2153-40,yellow
French Horn,195,yellow
Goldenhurst,196,yellow
America's Heartland,197,yellow
Cornsilk,198,yellow
Barley,199,yellow
Concord Ivory,HC-12,yellow
Stuart Gold,HC-10,yellow
Spicy Mustard,2154-20,yellow
Yellow Oxide,2154-10,yellow
Windham Cream,HC-6,yellow
Honeywheat,179,yellow
Country Comfort,305,yellow
Nacho Cheese,2018-40,yellow
Oxford Gold,315,yellow
Sunflower Fields,174,yellow
Mayan Gold,175,yellow
Old World Romance,303,yellow
Shooting Star,304,yellow
Morning Sunshine,2018-50,yellow
Sunny Days,172,yellow
Corn Husk,307,yellow
Golden Vista,308,yellow
Dash of Curry,2159-10,yellow
Soleil,AF-330,yellow
Popcorn Kernel,310,yellow
Sweet Butter,171,yellow
Lion Heart,306,yellow
Pan for Gold,181,yellow
Apple Crisp,2159-30,yellow
Peanut Butter,2159-20,yellow
Aura,169,yellow
Golden Lab,178,yellow
Yellow Topaz,CSP-945,yellow
York Harbor Yellow,2154-40,yellow
Bryant Gold,HC-7,yellow
Buttercup,2154-30,yellow
Glowing Umber,182,yellow
Golden Straw,2152-50,yellow
Dijon,193,yellow
Dorset Gold,HC-8,yellow
Hathaway Gold,194,yellow
Kurkuma,AF-350,yellow
Corduroy,2153-20,yellow
Golden Bark,2153-10,yellow
Vellum,207,yellow
Golden Tan,2152-40,yellow
Chestertown Buff,HC-9,yellow
Walk on the Beach®,CSP-975,yellow
Cork,2153-40,yellow
French Horn,195,yellow
Goldenhurst,196,yellow
America's Heartland,197,yellow
Cornsilk,198,yellow
Barley,199,yellow
Concord Ivory,HC-12,yellow
Stuart Gold,HC-10,yellow
Spicy Mustard,2154-20,yellow
Yellow Oxide,2154-10,yellow
Jasper Opal,387,green
City Scape Morning,368,green
Mulholland Yellow,369,green
Golden Delicious,390,green
Yellow Tone,370,green
Bright Gold,371,green
Citron,2024-30,green
Cypress Grove,388,green
Sunny Side Up,367,green
Sweet Pear,389,green
Sweet Vibrations,391,green
Citrus Burst,364,green
Eve Green,2024-20,green
Chartreuse,2024-10,green
Beacon Hill Damask,HC-2,green
Artichoke Hearts,382,green
Spring Dust,2150-40,green
Turning Leaf,384,green
Savannah Moss,385,green
Lichen Green,2150-20,green
Willow Green,2150-10,green
Hawthorne Green,379,green
Mellowed Ivory,2149-50,green
Timothy Straw,2149-40,green
Meadow View,383,green
Wasabi,AF-430,green
G.I. Green,2149-20,green
Newt Green,2149-10,green
Rainforest Dew,2146-50,green
Castleton Mist,HC-1,green
Sesame,381,green
Turkish Bay Leaf,CSP-885,green
Split Pea,2146-30,green
Olive Tree,392,green
Perfectly Pesto,CSP-895,green
Handmade Paper,CSP-875,green
Lime Sherbet,CSP-845,green
Pale Avocado,2146-40,green
Morning Walk,CSP-880,green
Green Hydrangea,CSP-850,green
Martini Olive,CSP-890,green
Forest Moss,2146-20,green
Crème Fraiche,2023-70,green
Lemon Glow,2025-60,green
Lemon Freeze,2025-50,green
Granny Smith,CSP-860,green
Flower Power,398,green
Exotic Lime,399,green
Eccentric Lime,2027-30,green
Barely Yellow,2025-70,green
Eggshell,2026-70,green
Light Daffodil,2027-60,green
Limelight,2025-40,green
New Lime,2025-30,green
Chamomile,397,green
Spring Moss,2027-20,green
Seahorse,2028-70,green
Aspen White,2027-70,green
Hibiscus,2027-50,green
Grape Green,2027-40,green
Yew Green,2025-20,green
Bright Lime,2025-10,green
Tequila Lime,2028-30,green
Summer Lime,2026-60,green
Fresh Cut Grass,2026-50,green
Chic Lime,396,green
Apple Green,2026-40,green
Snow Cone Green,2026-30,green
Margarita,2026-20,green
Lime Green,2026-10,green
Celadon Green,2028-60,green
Wales Green,2028-50,green
Pear Green,2028-40,green
Electric Slide,404,green
Dark Lime,2027-10,green
Douglas Fir,2028-20,green
Iguana Green,2028-10,green
Lime Ricky,393,green
Lemon Twist,394,green
Apples and Pears,395,green
Candy Green,403,green
Limeade,CSP-865,green
Perennial,405,green
Huntington Green,406,green
Dark Linen,2147-60,green
Pale Sea Mist,2147-50,green
Dill Pickle,2147-40,green
Lilianna,CSP-855,green
Jalapeño Pepper,2147-30,green
Olive Moss,2147-20,green
Dark Celery,2146-10,green
Blossom Tint,933,green
Grasshopper,AF-415,green
Agave,AF-420,green
Brookside Moss,2145-30,green
Terrapin Green,2145-20,green
Oregano,2147-10,green
Avocado,2145-10,green
Nantucket Breeze,521,green
Fernwood Green,2145-40,green
Dried Parsley,522,green
Hillside Green,495,green
Chopped Dill,496,green
Shady Lane,497,green
Guacamole,2144-10,green
Olivetint,519,green
Pistachio Ice Cream,CSP-815,green
Lichen Stone,CSP-820,green
Thicket,AF-405,green
Mountain Moss,2142-30,green
Turtle Green,2142-20,green
Cabbage Patch,2141-20,green
Limesicle,2145-50,green
Dune Grass,492,green
Harbor Town,493,green
Georgian Green,HC-115,green
Ivy Lane,523,green
Fraser Fir,503,green
Nature's Reflection,504,green
Warren Acres,527,green
Folk Art,528,green
Peaceful Garden,CSP-830,green
Sweet Daphne,529,green
Medieval Times,530,green
Ponderosa Pine,531,green
Winding Vines,532,green
Chameleon,526,green
Potpourri Green,2029-50,green
Shades of Spring,537,green
Vienna Green,538,green
Sycamore Tree,539,green
Oak Grove,489,green
Army Green,2141-30,green
Pale Vista,2029-60,green
Neon,402,green
Stem Green,2029-40,green
Springhill Green,412,green
Blooming Grove,413,green
Green Thumb,CSP-870,green
Rosemary Green,2029-30,green
Wispy Green,414,green
Riverdale Green,415,green
Feel the Energy,417,green
Willow Springs Green,418,green
Apple Lime Cocktail,420,green
Baby Fern,2029-20,green
Basil Green,2029-10,green
Polar Lights,400,green
Sour Apple,401,green
Tasty Apple,416,green
Spring Meadow Green,2031-40,green
Tropical Seaweed Green,2030-20,green
Neon Lime,2031-10,green
Lizard Green,2030-10,green
Frosty Lime,2029-70,green
Lime Accent,407,green
Citron Cocktail,410,green
Celtic Folklore,411,green
Malachy Green,419,green
Sweet Pea,2031-30,green
Paradise Green,2031-20,green
Light Green,408,green
Apple Froth,409,green
Key Lime,2031-50,green
Fresh Grass,426,green
Napa Vineyards,427,green
Pleasant Grove,552,green
Richmond Green,553,green
Lime Froth,2031-70,green
Easter Hunt,554,green
Scenic View,424,green
Lime Twist,425,green
Spring Leaf,2030-40,green
Paradise Valley,559,green
Sullivan Green,560,green
Neon Celery,2031-60,green
New Retro,422,green
Shimmering Lime,2030-50,green
Leprechaun Green,557,green
Killala Green,558,green
Lucky Charm Green,2030-30,green
Traffic Light Green,2032-20,green
Celery Ice,2030-60,green
O'Reilly Green,555,green
Sounds of Nature,556,green
Citrus Green,2032-40,green
Fresh Lime,2032-30,green
Neon Green,2032-10,green
Yellow Green,2033-10,green
Iced Mint,2030-70,green
Green Cove Springs,421,green
Pine Sprigs,423,green
Paradise Hills Green,550,green
Exotic Bloom,551,green
Fresh Scent Green,2033-30,green
Peppermint Leaf,2033-20,green
Mint Julep,547,green
Pastel Green,548,green
Early Spring Green,2032-50,green
Lime Tart,2033-40,green
Branch Brook Green,572,green
Four Leaf Clover,573,green
Once Upon a Time,574,green
Parkside Dunes,568,green
Acadia Green,2034-50,green
Cedar Green,2034-40,green
Grassy Fields,2034-30,green
Clover Green,2034-10,green
Vine Green,2034-20,green
Cactus Green,2035-20,green
Lime Sorbet,2032-70,green
Citra Lime,2032-60,green
Honeydew,549,green
Gumdrop,564,green
Aurora Borealis,565,green
Bunker Hill Green,566,green
Seaweed,2035-10,green
Sweet Honeydew Melon,2033-70,green
Nottingham Green,569,green
Grassy Meadows,570,green
Lotus Flower,571,green
Green with Envy,2036-30,green
Irish Moss,2036-20,green
Cat's Eye,2036-10,green
Daiquiri Ice,2034-70,green
Light Pistachio,2034-60,green
Mantis Green,2033-60,green
Bud Green,2033-50,green
Kelly Green,2037-30,green
Jade Green,2037-20,green
Amazon Moss,2037-10,green
Tint of Mint,851,green
Green Essence,853,green
Pistachio,561,green
Cucumber Salad,562,green
Douglas Fern,563,green
Stokes Forest Green,2035-40,green
Nile Green,2035-30,green
Appalachian Green,852,green
Country Green,540,green
Garland Green,429,green
Landscape,430,green
Seedling,AF-450,green
Land of Liberty,440,green
Sweet Basil,455,green
Calming Aloe,533,green
Soothing Green,535,green
Sienna Laurel,536,green
Woodland Hills Green,543,green
Kiwi,544,green
Buckingham Gardens,545,green
Herb Garden,434,green
Crisp Green,534,green
Veranda View,541,green
Corn Stalk,542,green
Central Park,431,green
Grenada Green,432,green
Forest Hills Green,433,green
Courtyard Green,546,green
Green Frappé,484,green
Sweet Caroline,478,green
Apple Blossom,479,green
Lily Pad,480,green
Dill Weed,481,green
Misted Fern,482,green
Bonsai,CC-666,green
Budding Green,CSP-790,green
Spring Meadow,486,green
Liberty Park,487,green
Barefoot in the Grass,CSP-840,green
Mountain Lane,488,green
Pine Brook,490,green
Forest Floor,1498,green
Springview Green,491,green
Stolen Moments,477,green
Maidenhair Fern,500,green
Mesquite,501,green
Grasslands,502,green
Aventurine,AF-445,green
Home on the Range,483,green
Glade Green,498,green
Hancock Green,HC-117,green
Glazed Green,499,green
Guilford Green,HC-116,green
Spring has Sprung,CSP-835,green
Rosemary Sprig,2144-30,green
Eucalyptus Leaf,2144-20,green
Spring Bud,520,green
Soft Fern,2144-40,green
Urban Nature,AF-440,green
Estate Sale,CSP-795,green
Thayer Green,CSP-825,green
Tate Olive,HC-112,green
Dakota Woods Green,2139-20,green
Silken Pine,2144-50,green
Hint of Mint,505,green
Grecian Green,507,green
Tree Moss,508,green
Cypress Green,509,green
Galápagos Green,475,green
Jade Romanesque,476,green
Sweet Celadon,CSP-785,green
Wind Chime,AF-465,green
Sagebrush,CSP-770,green
Croquet,AF-455,green
Raintree Green,1496,green
Rolling Hills,1497,green
Rooftop Garden,CSP-765,green
Silver Sage,506,green
Vale Mist,1494,green
October Mist,1495,green
Louisburg Green,HC-113,green
Jojoba,AF-460,green
Vintage Vogue,462,green
Essex Green,HC-188,green
Pearl Gray,863,green
Thornton Sage,464,green
Aganthus Green,472,green
Mistletoe,474,green
Great Barrington Green,HC-122,green
Alligator Alley,441,green
Backwoods,469,green
Woodland White,463,green
Par Four,470,green
Tea Light,471,green
Saybrook Sage,HC-114,green
Weekend Getaway,473,green
Secret Path,CSP-800,green
Chimichurri,CSP-810,green
Sleeping Angel,854,green
Cucumber,428,green
Van Alen Green,HC-120,green
Kittery Point Green,HC-119,green
Sherwood Green,HC-118,green
Kennebunkport Green,HC-123,green
Martha's Vineyard,630,green
Fresh Dew,435,green
Mint Chocolate Chip,436,green
Pine Barrens,437,green
Hollingsworth Green,HC-141,green
Spring Valley,438,green
Adirondack Green,453,green
Peale Green,HC-121,green
Jack and the Beanstalk,442,green
Desert Green,443,green
Cedar Grove,444,green
Greenwich Village,445,green
Cedar Path,454,green
Holiday Wreath,447,green
Dakota Shadow,448,green
Prescott Green,HC-140,green
Salisbury Green,HC-139,green
Sage Wisdom,CSP-775,green
High Park,467,green
Avon Green,HC-126,green
In the Garden,CSP-805,green
Boreal Forest,AF-480,green
Stonewashed,865,green
Italian Ice Green,2035-70,green
Nob Hill Sage,450,green
Pine Forest,451,green
Norway Spruce,452,green
Summer's Day,CSP-780,green
Pinelands,446,green
Healing Aloe,1562,green
Crystalline,AF-485,green
Antique Jade,465,green
Garden Path,466,green
Flora,AF-470,green
Lush,AF-475,green
Rosepine,461,green
Aloe Vera,844,green
North Shore Green,456,green
Sage Tint,458,green
Woodland Green,459,green
Grenadier Pond,698,green
Enchanted Forest,700,green
Calico Blue,707,green
Emerald Vapor,845,green
Icy Morn,457,green
Turquoise Mist,695,green
Pleasant Valley,696,green
Herb Bouquet,460,green
Cushing Green,HC-125,green
Hunter Green,2041-10,green
Green Cast,842,green
Swept Away,701,green
Colony Green,694,green
Scenic Drive,697,green
Garden Oasis,699,green
Caldwell Green,HC-124,green
Jack Pine,692,green
Serene Breeze,449,green
Bridal Bouquet,632,green
Appalachian Trail,633,green
Harrisburg Green,HC-132,green
Palm Trees,642,green
Deep Sea,623,green
Ocean Tropic,2052-10,green
Lakeshore Green,848,green
Let It Rain,639,green
Dreamcatcher,640,green
Everglades,641,green
Steamed Spinach,643,green
Garden Cucumber,644,green
Yukon Green,2051-10,green
Snow Angel,841,green
Bath Salts,624,green
Feather Green,625,green
Spring Break,627,green
Lehigh Green,HC-131,green
Webster Green,HC-130,green
Gothic Green,637,green
Reflection,850,green
Leisure Green,2035-60,green
Pure Essence,638,green
Spruce Green,2035-50,green
Winchester Sage,628,green
Fairmont Green,HC-127,green
Balsam,567,green
Carried Away,849,green
Taffeta Green,843,green
Aberdeen Green,631,green
Etched Glass,626,green
Southfield Green,HC-129,green
Clearspring Green,HC-128,green
Lafayette Green,HC-135,green
Lido Green,617,green
St. John's Bay,584,green
Northern Lights,586,green
Scotch Plains Green,587,green
Luck of the Irish,588,green
Peridot,594,green
Deep Jungle,595,green
Surf Green,2036-60,green
Tropical Paradise,575,green
Bahama Waters,576,green
Arlington Green,580,green
Irish Clover,2038-20,green
Celtic Green,2038-10,green
Rainforest Foliage,2040-10,green
Outer Sphere,645,green
Hannity Green,646,green
Marina Bay,2036-50,green
Meadowlands Green,2036-40,green
Floradale Isle,581,green
Very Green,2040-30,green
Green Meadows,2040-20,green
Cool Mint,582,green
Mountainview,583,green
Cliffside Park,579,green
Island Getaway,593,green
Prairie Green,2038-30,green
Emerald Isle,2039-20,green
Deep Green,2039-10,green
Fresh Mint,2037-70,green
Mermaid's Tale,577,green
Florida Keys,578,green
Adam Green,2037-40,green
Cabana Green,2039-30,green
Reef Green,2042-20,green
Calypso Green,2046-10,green
Quartz Stone,597,green
Spring Breeze,603,green
Santa Barbara Green,2037-60,green
Lady Liberty,585,green
Alpine Trail,622,green
Lucky Shamrock,609,green
True Green,2042-10,green
Crème de Mint,2036-70,green
Spearmint Ice,596,green
Robin's Nest,618,green
Eucalyptus,621,green
Juniper Green,601,green
Fiddlehead Green,2041-20,green
Chrome Green,HC-189,green
Antigua Aqua,610,green
Surf 'n Turf,598,green
Key Largo Green,620,green
Brookdale Gardens,599,green
Medici Malachite,600,green
Lawn Green,2045-20,green
Green,2044-10,green
Irish Spring,2038-70,green
Tropical Pool,2038-60,green
Celadon,590,green
Spring Fresh,591,green
Rosamilia Green,592,green
Erin Green,608,green
Garden Green,2046-20,green
Caribbean Breeze,652,green
Gentle Breeze,589,green
Greenwood Lake,2037-50,green
Return to Paradise,2038-50,green
Monmouth Green,2038-40,green
St. Patrick,2044-30,green
Leprechaun,2044-20,green
Frosty Mint,2043-70,green
Seafoam Green,2039-60,green
Mermaid Green,2039-50,green
Teal Blast,2039-40,green
Kelp Forest Green,2043-30,green
Ming Jade,2043-20,green
Absolute Green,2043-10,green
Irish Mint,2041-70,green
Springtime Green,611,green
Hills of Ireland,612,green
Island Paradise,606,green
Albuquerque Teal,607,green
Manor Green,2047-20,green
Forest Green,2047-10,green
Light Touch,2044-70,green
Biscayne Shore,604,green
Calming Green,605,green
Fresh Green,613,green
St. Patty's Day,614,green
Rolling Hill Green,2047-30,green
Green Bay,2045-10,green
Winter Green,2045-60,green
Sea Mist Green,2041-50,green
Kokopelli Teal,648,green
Summer Basket Green,2040-40,green
Green Gables,2041-30,green
Brazilian Rainforest,651,green
Gondola Ride,602,green
Minty Green,2042-70,green
Soft Mint,2041-60,green
Fun 'n Games,647,green
Juneau Spring,2041-40,green
Captivating Teal,649,green
Highlands Green,650,green
Crisp Romaine,686,green
Refreshing Teal,2039-70,green
Summer Green,2043-60,green
Florida Aqua,2042-60,green
Caribe Green,2042-50,green
Miami Green,2042-40,green
Mayan Green,615,green
Garden View,616,green
Seagrove,653,green
Harbor Side Teal,654,green
South Beach,2043-50,green
Green Coral,2045-50,green
Egyptian Green,2043-40,green
Green Leaf,2045-30,green
Hummingbird Green,2042-30,green
Soft Green,2045-70,green
Ocean Spray,2047-60,green
Scuba Green,2046-50,green
Green Sponge,2046-40,green
Amelia Island Blue,2044-40,green
Cayman Lagoon,2046-30,green
Marine Aqua,2052-20,green
Baby Green,2047-70,green
Misty Teal,2046-60,green
Shore House Green,2047-50,green
Bermuda Teal,2044-50,green
Bahama Green,2045-40,green
Capri Seas,2047-40,green
Juniper,2048-20,green
Light Mint,2046-70,green
Crystal Clear,2044-60,green
Coastal Paradise,655,green
Miami Teal,656,green
Sea of Green,657,green
Neptune Green,658,green
Sherwood Forest,2048-10,green
Water Drops,659,green
Copper Patina,619,green
Hazy Blue,2040-50,green
Skydive,CSP-700,green
Azure Water,677,green
Newport Green,2050-30,green
Bavarian Forest,2054-10,green
Come Sail Away,846,green
Opal Essence,680,green
Antique Glass,CSP-695,green
St. Lucia Teal,683,green
Verdigris,685,green
Tarrytown Green,HC-134,green
Salamander,2050-10,green
At Sea,666,green
Antiguan Sky,2040-60,green
Warm Springs,682,green
Mill Springs Blue,HC-137,green
Waterbury Green,HC-136,green
Pine Green,2051-20,green
Dollar Bill Green,2050-20,green
Blue Bonnet,2050-70,green
Green Wave,681,green
Covington Blue,HC-138,green
Antiqued Aqua,CSP-705,green
Pacific Rim,678,green
Dragonfly,AF-510,green
Hidden Falls,714,green
Palace Green,CW-520,green
Raleigh Green,CW-525,green
Dunmore Green,CW-540,green
Buffett Green,CW-535,green
Spotswood Teal,CW-545,green
Geddy Verdigris,CW-550,green
Goodwin Green,CW-555,green
Levingston Green,CW-490,green
Burgess Green,CW-485,green
Russell Green,CW-495,green
Sea Green,CW-515,green
Nicolson Green,CW-500,green
Colonial Verdigris,CW-530,green
Waller Green,CW-510,green
Gloucester Green,CW-440,green
Burwell Green,CW-445,green
Bassett Hall Green,CW-480,green
Parrot Green,CW-465,green
Timson Green,CW-470,green
Palmer Green,CW-475,green
Windsor Green,CW-505,green
Green Earth,CW-455,green
Green Umber,CW-460,green
Greenhow Moss,CW-450,green
White Rain,708,blue
Palladian Blue,HC-144,blue
Bali,702,blue
Wythe Blue,HC-143,blue
Stratton Blue,HC-142,blue
Azores,AF-495,blue
Cedar Mountains,706,blue
Woodlawn Blue,HC-147,blue
Sylvan Mist,CSP-740,blue
Rhine River,689,blue
Grenada Villa,690,blue
Sioux Falls,705,blue
Dartsmouth Green,691,blue
Tropical Oasis,CSP-710,blue
Seacliff Heights,688,blue
Heavenly Blue,709,blue
Sea Star,2123-30,blue
Mystic Lake,CSP-745,blue
Atmospheric,AF-500,blue
Caribbean Teal,2123-20,blue
Mediterranean Teal,2123-10,blue
Whispering Spring,2136-70,blue
Annapolis Green,687,blue
Colorado Gray,2136-50,blue
Aegean Teal,2136-40,blue
Baltic Sea,CSP-680,blue
Fair Isle Blue,CSP-715,blue
Yorktowne Green,HC-133,blue
Ocean Air,2123-50,blue
Gossamer Blue,2123-40,blue
Kensington Green,710,blue
Boca Raton Blue,711,blue
Fort Pierce Green,712,blue
Polished Slate,713,blue
Olympus Green,679,blue
Iced Green,673,blue
Spring Sky,674,blue
Thunderbird,675,blue
Spirit in the Sky,676,blue
Florida Keys Blue,2050-40,blue
Intercoastal Green,672,blue
Deep Sea Green,735,blue
Spring Mint,2040-70,blue
Arctic Blue,2050-60,blue
Waterfall,2050-50,blue
Majestic Blue,2051-40,blue
Casco Bay,2051-30,blue
Mallard Green,2053-10,blue
Pacific Sea Teal,2049-10,blue
Barely Teal,2048-70,blue
Maritime Blue,667,blue
Lake Victoria,668,blue
Oceanic Teal,669,blue
Gulf Stream,670,blue
Soft Spruce,671,blue
Oasis Blue,2049-20,blue
Oceanfront,660,blue
Caribbean Cool,661,blue
Tropicana Cabana,2048-50,blue
Teal Tone,663,blue
Gulf Shores,665,blue
Tropical Turquoise,2052-30,blue
Beau Green,2054-20,blue
Icing on the Cake,2049-70,blue
Jamaican Aqua,2048-60,blue
Mexicali Turquoise,662,blue
Poolside Blue,2048-40,blue
Poseidon,664,blue
Aruba Blue,2048-30,blue
Dark Teal,2053-20,blue
Blue Diamond,736,blue
Surf City,731,blue
Peacock Blue,2049-40,blue
Blue Spa,2052-40,blue
Teal Ocean,2049-30,blue
Largo Teal,742,blue
Tucson Teal,2056-10,blue
Jack Frost,729,blue
San Clemente Teal,730,blue
Clearlake,738,blue
Burbank Blue,732,blue
Palm Coast Teal,733,blue
Tropical Teal,734,blue
Jade Garden,2056-20,blue
Sonoma Skies,737,blue
Spectra Blue,2049-50,blue
Un-Teal We Meet Again,739,blue
Harbor Side Blue,740,blue
San Jose Blue,741,blue
In the Tropics,CSP-640,blue
North Sea Green,2053-30,blue
Sweet Dreams,847,blue
Dolphin's Cove,722,blue
Sea Isle,751,blue
Tranquil Blue,2051-50,blue
Seaside Resort,725,blue
Blue Lake,2053-40,blue
Galápagos Turquoise,2057-20,blue
Seabrook,750,blue
Blue Seafoam,2056-60,blue
Baby Boy Blue,2056-50,blue
Cool Aqua,2056-40,blue
Surf Blue,2056-30,blue
Venezuelan Sea,2054-30,blue
Varsity Blues,756,blue
Icy Moon Drops,2056-70,blue
Serenity,2055-60,blue
Fairy Tale Blue,2055-50,blue
Bahaman Sea Blue,2055-40,blue
Meridian Blue,761,blue
Caribbean Blue Water,2055-30,blue
Pacific Ocean Blue,2055-20,blue
Innocence,2055-70,blue
California Breeze,757,blue
Rhythm and Blues,758,blue
Madison Avenue,759,blue
Baltimore Sky,760,blue
Pacific Palisades,762,blue
Coat of Arms,763,blue
Forget Me Not,2049-60,blue
Spring Rain,723,blue
Pool Blue,2052-50,blue
How Blue Am I?,752,blue
Santa Clara,753,blue
Wilmington Spruce,754,blue
Calypso Blue,727,blue
Ice Blue,2052-70,blue
China Blue,2052-60,blue
Picture Perfect,743,blue
Indigo,744,blue
Peacock Feathers,724,blue
Blue Lagoon,2054-40,blue
Salzburg Blue,755,blue
Morning Sky Blue,2053-70,blue
Bird's Egg,2051-60,blue
Tear Drop Blue,2053-60,blue
Blue Rapids,745,blue
Spa Day,CSP-635,blue
Rendezvous Bay,726,blue
Teal,2055-10,blue
Crystal Blue,2051-70,blue
Crystal Springs,764,blue
Skyscraper,765,blue
Delano Waters,766,blue
Seaside Blue,2054-50,blue
Naples Blue,2057-30,blue
Dark Harbor,CSP-720,blue
Clear Skies,2054-70,blue
Old Pickup Blue,2054-60,blue
Heavenly Peace,746,blue
Bayville Blue,747,blue
Blue Toile,748,blue
Bermuda Turquoise,728,blue
River Blue,2057-10,blue
Fountain Spout,2059-70,blue
Blue Flower,2057-60,blue
Passion Blue,2053-50,blue
Ash Blue,2057-40,blue
Avalon Teal,CSP-645,blue
Bainbridge Blue,749,blue
Slate Teal,2058-20,blue
In Your Eyes,715,blue
Fantasy Blue,716,blue
Paradiso,717,blue
Hemlock,719,blue
Blue Echo,AF-505,blue
Amazon Green,2136-30,blue
Miramichi,CC-752,blue
Winter Ice,866,blue
Yarmouth Blue,HC-150,blue
Ocean City Blue,718,blue
St. John Blue,CSP-675,blue
Bella Blue,720,blue
Stained Glass,CSP-685,blue
Newburg Green,HC-158,blue
Glacier Lake,867,blue
Harbor Haze,2136-60,blue
Wedgewood Gray,HC-146,blue
Silken Blue,CSP-670,blue
Steep Cliff Gray,2122-20,blue
Dark Pewter,2122-10,blue
Regent Green,2136-20,blue
Summer Shower,2135-60,blue
Soft Chinchilla,2135-50,blue
Buxton Blue,HC-149,blue
Jamestown Blue,HC-148,blue
Province Blue,2135-40,blue
Nocturnal Gray,2135-30,blue
Stonecutter,2135-20,blue
Windy Sky,1639,blue
Dusky Blue,1640,blue
Blue Porcelain,1641,blue
Cape Blue,1642,blue
Franklin Lakes,1643,blue
Blue Dusk,1644,blue
Thousand Oceans,1645,blue
Blue Haze,1667,blue
Blue Stream,1668,blue
Exhale,AF-515,blue
Saratoga Springs,1669,blue
Labrador Blue,1670,blue
West Coast,1671,blue
Vermont Slate,1673,blue
Lookout Point,1646,blue
Ashwood Gray,1654,blue
Blue Bay Marina,1655,blue
Marlboro Blue,HC-153,blue
Whipple Blue,HC-152,blue
Fiji,AF-525,blue
Hidden Sapphire,CSP-690,blue
Polar Ice,1660,blue
Heaven on Earth,1661,blue
Mediterranean Sky,1662,blue
New Born's Eyes,1663,blue
Sea Reflections,1664,blue
Mozart Blue,1665,blue
In the Midnight Hour,1666,blue
Patriotic White,2135-70,blue
Silvery Blue,1647,blue
Serenata,AF-535,blue
Cable Knit Sweater,CSP-650,blue
Buckland Blue,HC-151,blue
Schooner,AF-520,blue
Summer Nights,777,blue
Sea Foam,2123-60,blue
Polar Sky,1674,blue
Intuition,CSP-610,blue
Dusty Cornflower,CSP-605,blue
Hamilton Blue,HC-191,blue
Spellbound,1659,blue
Narragansett Green,HC-157,blue
Glass Slipper,1632,blue
Brittany Blue,1633,blue
Santorini Blue,1634,blue
Wild Blue Yonder,CSP-620,blue
Providence Blue,1636,blue
Blue Spruce,1637,blue
Deep Secret®,CSP-625,blue
Constellation,AF-540,blue
Slate Blue,1648,blue
Polaris Blue,1649,blue
Alfresco,1672,blue
Philipsburg Blue,HC-159,blue
Gentleman's Gray,2062-20,blue
Polo Blue,2062-10,blue
Under the Big Top,1675,blue
Northern Air,1676,blue
Colonial Blue,1677,blue
Blue Nose,1678,blue
Bedford Blue,1679,blue
Hudson Bay,1680,blue
Newburyport Blue,HC-155,blue
Glacier Blue,1653,blue
Daydream,CSP-615,blue
Blue Jean,2062-50,blue
Blue Daisy,2062-40,blue
Bellbottom Blues,CSP-655,blue
Lucerne,AF-530,blue
Van Deusen Blue,HC-156,blue
Blue Allure,771,blue
Hawaiian Breeze,772,blue
Athenian Blue,773,blue
I've Got the Blues,774,blue
Poolside,775,blue
Santa Monica Blue,776,blue
Blue Danube,2062-30,blue
Blue Angel,2058-70,blue
Ocean Breeze,2058-60,blue
Turquoise Powder,2057-50,blue
Aquarium Blue,2058-50,blue
Cool Blue,2058-40,blue
Deep Ocean,2058-30,blue
Twilight,2058-10,blue
Icy Blue,2057-70,blue
Splash,2059-60,blue
Graceful Sea,767,blue
Atlantis Blue,768,blue
Dream I Can Fly,769,blue
Americana,770,blue
Adriatic Sea,CSP-660,blue
Tear Drop,2060-70,blue
Turquoise Haze,2060-60,blue
Pool Party,2059-50,blue
Yosemite Blue,2059-40,blue
Laguna Blue,2059-30,blue
Caribbean Azure,2059-20,blue
Marine Blue,2059-10,blue
Light Blue,2066-70,blue
Cayman Blue,2060-50,blue
Toronto Blue,2060-40,blue
Seaport Blue,2060-30,blue
California Blue,2060-20,blue
Downpour Blue,2063-20,blue
Old Navy,2063-10,blue
Cumulus Cotton,2063-70,blue
Blue Hydrangea,2062-60,blue
Tidal Wave,2061-50,blue
Electric Blue,2061-40,blue
Bermuda Blue,2061-30,blue
Champion Cobalt,2061-20,blue
Deep Royal,2061-10,blue
Fairview Blue,779,blue
Crisp Morning Air,780,blue
St. Lucia Skies,781,blue
Blue Belle Island,782,blue
Lake Tahoe,783,blue
Blue Macaw,784,blue
Mistral,CC-842,blue
Mystical Blue,792,blue
Morning Glory,785,blue
Highland Breeze,786,blue
Aquarius,788,blue
Sea to Shining Sea,789,blue
Sailor's Sea Blue,2063-40,blue
Blueberry,2063-30,blue
Skylark Song,778,blue
Little Boy Blue,2061-60,blue
Grandma's Sweater,787,blue
Costa Rica Blue,2064-50,blue
Clearest Ocean Blue,2064-40,blue
Ol' Blue Eyes,2064-30,blue
Dark Royal Blue,2065-20,blue
Billowy Down,2064-70,blue
Sapphireberry,2063-60,blue
Bluebelle,2064-60,blue
Blue Marguerite,2063-50,blue
Utah Sky,2065-40,blue
Brilliant Blue,2065-30,blue
Patriot Blue,2064-20,blue
Caribbean Mist,2061-70,blue
Honolulu Blue,2066-60,blue
True Blue,2066-50,blue
Bayberry Blue,790,blue
Paddington Blue,791,blue
Blueberry Hill,812,blue
Admiral Blue,2065-10,blue
Bashful Blue,2065-70,blue
Caribbean Coast,2065-60,blue
Blue Wave,2065-50,blue
Rocky Mountain Sky,2066-40,blue
Big Country Blue,2066-30,blue
Evening Blue,2066-20,blue
Blue,2066-10,blue
Watercolor Blue,793,blue
Paradise View,794,blue
Faded Denim,795,blue
Nova Scotia Blue,796,blue
Athens Blue,797,blue
Blue Suede Shoes,798,blue
Bold Blue,2064-10,blue
Blue Veil,875,blue
Breath of Fresh Air,806,blue
Palatial Skies,800,blue
San Francisco Bay,802,blue
Old Glory,811,blue
New York State of Mind,805,blue
North Sea,CC-932,blue
Harbor Fog,2062-70,blue
Bright and Early,834,blue
Mediterranean Breeze,799,blue
Blue Bayou,801,blue
Lazy Sunday,803,blue
Chicago Blues,804,blue
Symphony Blue,2060-10,blue
Grand Rapids,835,blue
Sea View,836,blue
Porcelain Glaze,CSP-550,blue
Sheer Romance,837,blue
Denim Wash,838,blue
Old Blue Jeans,839,blue
Kensington Blue,840,blue
Sheer Bliss,CSP-545,blue
Soft Sky,807,blue
Sapphire Ice,808,blue
Soft Jazz,809,blue
Blue Dragon,810,blue
Nile Blue,CSP-560,blue
Indi Go-Go,CSP-565,blue
Sweet Bluette,813,blue
Jet Stream,814,blue
Swiss Blue,815,blue
Waterloo,CSP-555,blue
Mosaic,CC-874,blue
Delphinium,CC-872,blue
Blue Grotto,CC-964,blue
Nelson Blue,CW-635,blue
Pearl,CW-640,blue
Chiswell Blue,CW-660,blue
Apollo Blue,CW-645,blue
Wetherburn's Blue,CW-580,blue
Powell Gray,CW-665,blue
Brush Blue,CW-675,blue
Palace Pearl,CW-650,blue
Greenhow Blue,CW-655,blue
Lafayette Blue,CW-610,blue
Finley Blue,CW-620,blue
Randolph Blue,CW-615,blue
Prussian Blue,CW-625,blue
Washington Blue,CW-630,blue
Ewing Blue,CW-585,blue
Galt Blue,CW-560,blue
Chesapeake Blue,CW-595,blue
Bracken Blue,CW-600,blue
Palace Blue,CW-605,blue
Williamsburg Wythe Blue,CW-590,blue
Azurite,CW-670,blue
Anderson Blue,CW-565,blue
Mayo Teal,CW-570,blue
Everard Blue,CW-575,blue
Windmill Wings,2067-60,purple
Summer Blue,2067-50,purple
Blue Lapis,2067-40,purple
Watertown,818,purple
Twilight Blue,2067-30,purple
Starry Night Blue,2067-20,purple
Midnight Navy,2067-10,purple
White Satin,2067-70,purple
Aqua Marina,816,purple
Brazilian Blue,817,purple
Waterdrop,CC-902,purple
Southern Belle,819,purple
Basic Blue,CC-968,purple
Wizard,CC-966,purple
Blue Ice,821,purple
Riviera Azure,822,purple
Pressed Violet,CSP-520,purple
Yin Yang,824,purple
Blue Nova,825,purple
Stunning,826,purple
Evening Sky,833,purple
Whirlpool,1436,purple
Misty Blue,820,purple
Airway,828,purple
Sunrise,829,purple
Steel Blue,823,purple
Blue Heron,832,purple
Blackberry Punch,CC-962,purple
First Snowfall,1618,purple
Lake Placid,827,purple
Harlequin Blue,830,purple
Stratford Blue,831,purple
Flower Box,CSP-530,purple
Luxe,AF-580,purple
Blue Gaspe,1435,purple
Violet Dusk,1409,purple
Lavender Blue,1438,purple
Yukon Sky,1439,purple
Irises,1440,purple
Amethyst Shadow,1441,purple
French Violet,1427,purple
Approaching Storm,CSP-535,purple
Spring Flowers,1430,purple
Feather Soft,1431,purple
Freesia,1432,purple
Blue Pearl,1433,purple
Fancy Pants,CSP-525,purple
Bistro Blue,1421,purple
Deep Mulberry,2069-10,purple
Violet Sparkle,1422,purple
Celestia Blue,1429,purple
Blue Viola,1424,purple
Dreamy,1425,purple
Faded Violet,CSP-455,purple
Queen's Wreath,1426,purple
Wood Violet,1428,purple
Whispering Wind,1416,purple
English Hyacinth,1417,purple
Oriental Iris,1418,purple
Persian Violet,1419,purple
Softened Violet,1420,purple
Grape Gum,2068-20,purple
Majestic Violet,2068-10,purple
Lavender Secret,1415,purple
Purple Lace,2068-60,purple
Victorian Trim,2068-50,purple
California Lilac,2068-40,purple
Scandinavian Blue,2068-30,purple
Blackberry Wine,2069-20,purple
Black Berry,2119-20,purple
Nosegay,1401,purple
Angel's Wings,1423,purple
Blue Orchid,2069-50,purple
Violet Stone,2069-40,purple
Darkest Grape,2069-30,purple
Super Nova,1414,purple
Plum Martini,CSP-540,purple
White Heaven,2068-70,purple
Spring Iris,1402,purple
Lavender Mist,2070-60,purple
Enchanted,2070-50,purple
Spring Purple,2070-40,purple
Plum Royale,2070-20,purple
Tulsa Twilight,2070-10,purple
Lavender Ice,2069-60,purple
French Lilac,1403,purple
Crocus,1404,purple
Snugglepuss,1405,purple
Purple Heart,1406,purple
Mauve Bauhaus,1407,purple
Dark Lilac,2070-30,purple
White Violet,1408,purple
Polar White,2069-70,purple
Iced Lavender,1410,purple
North Cascades,1411,purple
Central Mauve,1412,purple
Purple Haze,1413,purple
Shadow,2117-30,purple
Whisper Violet,2070-70,purple
Winter Gray,2117-60,purple
Spring Violet,2117-50,purple
Tropical Dusk,2117-40,purple
Nightfall Sky,CC-38,purple
Galaxy,2117-20,purple
Carbon Copy,2117-10,purple
Slip,AF-605,purple
African Violet,2116-50,purple
Pebble Creek,1453,purple
Hazy Lilac,2116-40,purple
Cabernet,2116-30,purple
Chambourd,AF-645,purple
Dark Purple,2073-10,purple
Piano Concerto,1445,purple
Sanctuary,AF-620,purple
Evening Skyline,CSP-505,purple
Vintage Charm,1455,purple
Mountain Ridge,1456,purple
Vintage Wine,2116-20,purple
Night Horizon,2134-10,purple
Violet Pearl,1451,purple
After the Rain,1452,purple
Amethyst Sky,1447,purple
Frozen in Time,1448,purple
Kasbah,AF-640,purple
Caponata,AF-650,purple
Night Shade,2116-10,purple
Majestic Mauve,2115-60,purple
New Age,1444,purple
Iced Mauve,2115-50,purple
Mauve Blush,2115-40,purple
Sleepy Hollow,1454,purple
Bonne Nuit,AF-635,purple
Deep Caviar,2130-20,purple
Mirage White,2116-70,purple
Touch of Gray,2116-60,purple
Inspired,AF-595,purple
Amorous,AF-600,purple
Wild Mulberry,CSP-475,purple
Camelot,CC-4,purple
Black Raspberry,2072-20,purple
Dreamy Cloud,2117-70,purple
Easter Ribbon,1381,purple
Violet Petal,1382,purple
Iris Bliss,1383,purple
Pinot Grigio Grape,CSP-460,purple
Purple Lotus,2072-30,purple
Peerage,CC-36,purple
Feathered Violet,882,purple
Beach Plum,2072-60,purple
Lavender Lipstick,2072-50,purple
Carolina Plum,1384,purple
Wild Orchid,2072-40,purple
Cupid's Dart,1385,purple
Purplicious,CSP-465,purple
Sugarplum,1394,purple
Grape Ice,1395,purple
Mighty Aphrodite,1397,purple
Charmed Violet,1398,purple
Seduction,1399,purple
Your Majesty,1400,purple
Exotic Purple,2071-10,purple
Misty Lilac,2071-70,purple
Lily Lavender,2071-60,purple
Heather Plum,1396,purple
Amethyst Cream,2071-50,purple
Crocus Petal Purple,2071-40,purple
Mystical Grape,2071-30,purple
Gentle Violet,2071-20,purple
Spring Lilac,1388,purple
Wishing Well,1389,purple
Hydrangea,1390,purple
Naples Sunset,1391,purple
Fire and Ice,1392,purple
Grappa,1393,purple
Velvet Cloak,CSP-480,purple
Raindrops on Roses,1443,purple
Peace and Happiness,1380,purple
Purple Easter Egg,2073-50,purple
Plum Perfect,1371,purple
Ultra Violet,1372,purple
Taro,1386,purple
Dark Basalt,2072-10,purple
Rock Harbor Violet,1387,purple
Hidden Sanctuary,1375,purple
Angelina,1376,purple
Purple Hyacinth,2073-40,purple
Passion Plum,2073-30,purple
Eggplant,1379,purple
Autumn Purple,2073-20,purple
Purple Cream,2073-70,purple
Pale Iris,2073-60,purple
Caribbean Sunset,1377,purple
Lazy Afternoon,1378,purple
Kalamata,AF-630,purple
Grape Juice,2074-10,purple
Jester,CC-34,purple
Raspberry Ice,2072-70,purple
Baby's Mittens,1368,purple
Luscious,1369,purple
Victorian Purple,1370,purple
Aplomb,AF-625,purple
Dark Walnut,1358,purple
Bordéaux Red,1365,purple
Venetian Marble,2114-70,purple
Hint of Violet,2114-60,purple
Violetta,AF-615,purple
Amazon Soil,2115-30,purple
Incense Stick,2115-20,purple
Appalachian Brown,2115-10,purple
Wenge,AF-180,purple
Oyster,2115-70,purple
Hampshire Rocks,1450,purple
Victorian Mauve,2114-50,purple
Wet Concrete,2114-40,purple
Desert Shadows,2114-30,purple
Mississippi Mud,2114-20,purple
Bittersweet Chocolate,2114-10,purple
Antique Pearl,2113-70,purple
Porcelain,2113-60,purple
Mauve Desert,2113-50,purple
Cinnamon Slate,2113-40,purple
Bison Brown,2113-30,purple
Pine Cone Brown,2113-20,purple
Chocolate Sundae,2113-10,purple
Pink Essence,881,purple
Homespun Charm,1249,purple
Magic Potion,1250,purple
Mulberry Wine,1251,purple
Mink Violet,1252,purple
Pinch of Spice,1449,purple
Fresco Urbain,1253,purple
Barrett Brick,CW-350,purple
Carter Plum,CW-355,purple
White Winged Dove,1457,gray
Angelica,AF-665,gray
Lilac Hush,CSP-490,gray
Gotham,CSP-385,gray
Coachman's Cape®,CSP-90,gray
Silhouette,AF-655,gray
Willow,CC-542,gray
A la Mode,2109-70,gray
Portland Gray,2109-60,gray
Elephant Gray,2109-50,gray
Smoked Oyster,2109-40,gray
Topeka Taupe,1463,gray
Stone Brown,2112-30,gray
Black Bean Soup,2130-10,gray
Rodeo,1534,gray
Cosmopolitan,CSP-100,gray
Plymouth Rock,1543,gray
Quicksand,CSP-200,gray
Cathedral Gray,CSP-205,gray
River Silt,CSP-180,gray
Dash of Pepper,1554,gray
Sea Salt,CSP-95,gray
Shale,861,gray
Thunder,AF-685,gray
River Reflections,1552,gray
Briarwood,HC-175,gray
Stardust,2108-40,gray
Iron Gate,1545,gray
Abalone,2108-60,gray
Wish,AF-680,gray
London Fog,1541,gray
Himalayan Trek,1542,gray
Upper West Side,CSP-70,gray
Gothic Arch,CSP-80,gray
Tweed Coat,CSP-85,gray
Grandma's China,CSP-365,gray
Barren Plain,2111-60,gray
Apparition,860,gray
Stone Harbor,2111-50,gray
Castle Gate,CSP-75,gray
Eagle Rock,1469,gray
Bear Creek,1470,gray
Cumulus Cloud,1550,gray
La Paloma Gray,1551,gray
Silver Fox,2108-50,gray
Smoke & Mirrors,CSP-105,gray
Museum Piece,CSP-40,gray
Taos Taupe,2111-40,gray
Sparrow,AF-720,gray
Revere Pewter,HC-172,gray
Seattle Mist,1535,gray
Northern Cliffs,1536,gray
Chateau,CSP-140,gray
Rockport Gray,HC-105,gray
Smoked Truffle,CSP-145,gray
Squirrel Tail,1476,gray
Penthouse,CSP-35,gray
Brushed Aluminum,1485,gray
Jockey Hollow Gray,HC-108,gray
River Gorge Gray,1537,gray
Copley Gray,HC-104,gray
Gargoyle,1546,gray
Durango,2137-30,gray
Skipping Stone,CSP-155,gray
Senora Gray,1530,gray
Kid Gloves,CSP-175,gray
Downtown,CSP-165,gray
Equestrian Gray,1553,gray
Deep Creek,1477,gray
Dragon's Breath,1547,gray
Strand of Pearls®,CSP-395,gray
Inner Balance,1522,gray
Greenwich Gate,CSP-170,gray
Urban Sophisticate,CSP-160,gray
Brandon Beige,977,gray
Raccoon Hollow,978,gray
Cromwell Gray,HC-103,gray
Hushed Hue,1520,gray
Jute,AF-80,gray
Grant Beige,HC-83,gray
Sag Harbor Gray,HC-95,gray
Clarksville Gray,HC-102,gray
Meditation,AF-395,gray
Worn Leather Shoes,CSP-135,gray
Abingdon Putty,HC-99,gray
Jonesboro Cream,241,gray
Crown Point Sand,HC-90,gray
Baffin Island,243,gray
Providence Olive,HC-98,gray
At Home with Nature,1518,gray
Smoke Bush,1519,gray
Lancaster Whitewash,HC-174,gray
Limestone,513,gray
Richmond Gray,HC-96,gray
Baby Turtle,515,gray
Ivy League,516,gray
Greenbrook,517,gray
Jungle Canopy,CSP-900,gray
Ice Milk,CSP-1025,gray
Spa,AF-435,gray
Lapland,AF-410,gray
Elemental,AF-400,gray
Hiking Path,524,gray
Savannah Shade,525,gray
Mediterranean Olive,2142-10,gray
Stoneware,CSP-245,gray
Moon Shadow,1516,gray
Mosaic Tile,1517,gray
Old Salem Gray,HC-94,gray
Alligator Green,2143-20,gray
Sage,2143-10,gray
Evening Grove,1526,gray
Coastal Fog,976,gray
Olive Branch,2143-30,gray
Bed of Ferns,1511,gray
Hancock Gray,HC-97,gray
Pine Grove,511,gray
Sterling Forest,518,gray
Green Grove,2138-20,gray
Ally's Earring,CSP-125,gray
Camouflage,2143-40,gray
Dried Basil,1510,gray
Pining for You,1512,gray
Country Life,1490,gray
Night Owl,CC-662,gray
River Rock,2139-10,gray
Sweet Spring,1500,gray
Doily,CSP-130,gray
Victorian Garden,1531,gray
Majestic Sage,1532,gray
Bayleaf,1533,gray
Cabin Fever,1540,gray
Aegean Olive,1491,gray
April Showers,1507,gray
Paris Rain,1501,gray
Texas Sage,1503,gray
Hampshire Gray,HC-101,gray
Crownsville Gray,HC-106,gray
Gloucester Sage,HC-100,gray
Southern Vine,2138-10,gray
Spring Thaw,1508,gray
Spanish Olive,1509,gray
Nantucket Gray,HC-111,gray
Passion Vine,1504,gray
Sussex Green,HC-109,gray
Trailing Vines,1505,gray
Artichoke,2141-10,gray
Refined,AF-75,gray
Gray Mirage,2142-50,gray
Dry Sage,2142-40,gray
Wethersfield Moss,HC-110,gray
Springfield Sage,510,gray
Castle Peak Gray,1561,gray
Fatigue Green,2140-10,gray
Dusty Miller,CSP-755,gray
Winterwood,1486,gray
Herbal Escape,1487,gray
Gettysburg Gray,HC-107,gray
Sage Mountain,1488,gray
Mohegan Sage,2138-30,gray
Tuscany Green,2140-20,gray
Paper Doll,CSP-485,gray
Winter Orchard,1555,gray
Horizon Gray,2141-50,gray
Creekside Green,2141-40,gray
Antique Pewter,1560,gray
Desert Twilight,2137-40,gray
Dark Olive,2140-30,gray
Vapor Trails,1556,gray
Gray Horse,2140-50,gray
Sea Haze,2137-50,gray
Oil Cloth,CSP-760,gray
Storm Cloud Gray,2140-40,gray
Sharkskin,2139-30,gray
Topsoil,CC-692,gray
Silver Song,1557,gray
Fieldstone,1558,gray
Arctic Shadows,1559,gray
Cos Cob Stonewall,1483,gray
Amherst Gray,HC-167,gray
Kendall Charcoal,HC-166,gray
Iron Mountain,2134-30,gray
Light Pewter,1464,gray
Nimbus,1465,gray
Gray Huskie,1473,gray
Cape May Cobblestone,1474,gray
Graystone,1475,gray
Dolphin,AF-715,gray
Chelsea Gray,HC-168,gray
Barely There,CSP-725,gray
Picket Fence,CSP-370,gray
Smoke Embers,1466,gray
Baltic Gray,1467,gray
Vintage Pewter,CSP-110,gray
Street Chic,CSP-45,gray
Asphalt,CC-548,gray
American White,2112-70,gray
Cement Gray,2112-60,gray
Nightingale,AF-670,gray
Fusion,AF-675,gray
Willow Creek,1468,gray
Barnwood,CSP-115,gray
Windy City,CSP-150,gray
Silver Bells,1458,gray
Through the Looking Glass,CSP-495,gray
Stormy Monday,2112-50,gray
Soho Loft,CSP-10,gray
Stone,2112-40,gray
Gray Mountain,1462,gray
Midsummer Night,2134-20,gray
Whisper,CSP-500,gray
Metro Gray,1459,gray
Silver Dollar,1460,gray
Sterling Silver,1461,gray
Wool Peacoat,CSP-25,gray
Granite,AF-660,gray
Arctic Seal,CSP-15,gray
Shoreline,1471,gray
Seersucker Suit,CSP-580,gray
Coventry Gray,HC-169,gray
Storm,AF-700,gray
Wall Street,CSP-20,gray
Cinder,AF-705,gray
Burnt Ember,CSP-120,gray
Ice Fog,CSP-575,gray
Cliffside Gray,HC-180,gray
Perspective®,CSP-5,gray
Metropolitan,AF-690,gray
Subway Tile®,CSP-585,gray
Overcoat,CC-544,gray
Midnight Oil,1631,gray
Sterling,1591,gray
Stonington Gray,HC-170,gray
Silver Chain,1472,gray
Platinum Gray,HC-179,gray
Rainstorm,CSP-50,gray
Gray Gardens,CSP-55,gray
Black Ink,2127-20,gray
Alaskan Husky,1479,gray
Arctic Gray,1577,gray
Sleigh Bells,1480,gray
Half Moon Crest,1481,gray
Sabre Gray,1482,gray
Secret,AF-710,gray
City Shadow,CSP-60,gray
Silver Crest,1583,gray
Cool Breeze,CSP-665,gray
Picnic Basket,CSP-730,gray
Greyhound,1579,gray
Stonybrook,1566,gray
Night Train,1567,gray
Blacktop,2135-10,gray
Quiet Moments,1563,gray
Beach Glass,1564,gray
Mount Saint Anne,1565,gray
Gibraltar Cliffs,1587,gray
Gray Pinstripe,1588,gray
Knoxville Gray,HC-160,gray
After Midnight,CSP-630,gray
Wickham Gray,HC-171,gray
Silvery Moon,1604,gray
Boothbay Gray,HC-165,gray
Puritan Gray,HC-164,gray
Brewster Gray,HC-162,gray
Templeton Gray,HC-161,gray
Midnight,2131-20,gray
Pale Smoke,1584,gray
Wales Gray,1585,gray
Silver Mink,1586,gray
Cloudy Sky,2122-30,gray
Smokestack Gray,2131-40,gray
Lead Gray,2131-30,gray
Midnight Blue,1638,gray
Gray Sky,2131-70,gray
Iceberg,2122-50,gray
Mountain Mist,868,gray
Smoke,2122-40,gray
Van Courtland Blue,HC-145,gray
Blue Note,2129-30,gray
Soot,2129-20,gray
Fanfare,874,gray
Silver Cloud,2129-70,gray
Silver Gray,2131-60,gray
Nimbus Gray,2131-50,gray
Amsterdam,AF-550,gray
Britannia Blue,1623,gray
Westcott Navy,1624,gray
Cascade White,2127-70,gray
Blue Lace,1625,gray
Gentle Gray,1626,gray
Solitude,AF-545,gray
French Toile,CSP-595,gray
Normandy,2129-40,gray
Abyss,2128-20,gray
Mt. Rainier Gray,2129-60,gray
Blue Heather,1620,gray
Winter Lake,2129-50,gray
Little Falls,1621,gray
Mineral Alloy,1622,gray
Andes Summit,CSP-600,gray
Ebony King,2132-20,gray
Gray Cloud,2126-60,gray
Silver Mist,1619,gray
Manor Blue,1627,gray
Coastline,AF-570,gray
Montpelier,AF-555,gray
Wolf Gray,2127-40,gray
Raccoon Fur,2126-20,gray
Beacon Gray,2128-60,gray
November Skies,2128-50,gray
Oxford Gray,2128-40,gray
Black Pepper,2130-40,gray
Anchor Gray,2126-30,gray
Temptation,1609,gray
Gravel Gray,2127-30,gray
Lily White,2128-70,gray
Violet Mist,1437,gray
Instinct,AF-575,gray
Comet,1628,gray
Eclipse,2132-40,gray
Ocean Floor,1630,gray
Cheating Heart,1617,gray
Bunny Gray,2124-50,gray
Silver Lining,2119-60,gray
Silver Spring,2120-50,gray
Nickel,2119-50,gray
Silver Streak,2119-40,gray
Baby Seal Black,2119-30,gray
Twilight Zone,2127-10,gray
Iced Cube Silver,2121-50,gray
White Water,2120-60,gray
Pike's Peak Gray,2127-50,gray
Smoke Gray,2120-40,gray
Witching Hour,2120-30,gray
Black Iron,2120-20,gray
Jet Black,2120-10,gray
Silver Half Dollar,2121-40,gray
Thundercloud Gray,2124-40,gray
Pewter,2121-30,gray
Steel Wool,2121-20,gray
Trout Gray,2124-20,gray
Gray,2121-10,gray
Wrought Iron,2124-10,gray
Whitestone,2134-60,gray
Pelican Gray,1612,gray
Silent Night,1613,gray
Delray Gray,1614,gray
Rock Gray,1615,gray
Stormy Sky,1616,gray
Notre Dame,CSP-570,gray
Pebble Beach,1597,gray
Blue Springs,1592,gray
Adagio,1593,gray
Shaker Gray,1594,gray
Rocky Coast,1595,gray
Flint,AF-560,gray
Black Knight,2136-10,gray
Silver Lake,1598,gray
Marina Gray,1599,gray
Gray Cardigan,1600,gray
Hearthstone,1601,gray
Gunmetal,1602,gray
Graphite,1603,gray
Midnight Dream,2129-10,gray
Graytint,1611,gray
Eternity,AF-695,gray
Winter Solstice,1605,gray
Cobblestone Path,1606,gray
Englewood Cliffs,1607,gray
Ashland Slate,1608,gray
French Beret,1610,gray
Pearl River,871,gray
Sweet Innocence,2125-50,gray
Gull Wing Gray,2134-50,gray
Deep Silver,2124-30,gray
Gray Shower,2125-30,gray
Deep Space,2125-20,gray
Black Panther,2125-10,gray
Mineral Ice,2132-70,gray
Gray Timber Wolf,2126-50,gray
Shadow Gray,2125-40,gray
Whale Gray,2134-40,gray
Charcoal Slate,HC-178,gray
Deep Indigo,1442,gray
Black Tar,2126-10,gray
Seattle Gray,2130-70,gray
Early Frost,CSP-590,gray
Metallic Silver,2132-60,gray
Pilgrim Haze,2132-50,gray
Sweatshirt Gray,2126-40,gray
Black Horizon,2132-30,gray
Black Satin,2131-10,gray
Lavender Wash,CSP-515,gray
Sidewalk Gray,2133-60,gray
Pigeon Gray,2133-50,gray
Charcoal Linen,2133-40,gray
Day's End,2133-30,gray
Black Jack,2133-20,gray
Onyx,2133-10,gray
Misty Memories,2118-60,gray
Excalibur Gray,2118-50,gray
Sea Life,2118-40,gray
Almost Black,2130-30,gray
Ebony Slate,2118-30,gray
Toucan Black,2118-20,gray
Universal Black,2118-10,gray
Heaven,2118-70,gray
Wisteria,AF-585,gray
Tempest,AF-590,gray
Mythic,CSP-510,gray
Espresso Bean,CSP-30,gray
Black Beauty,2128-10,gray
Space Black,2119-10,gray
Slate,CW-700,gray
Tucker Gray,CW-705,gray
Lampblack,CW-695,gray
Bracken Slate,CW-690,gray
Ambler Slate,CW-685,gray
Mopboard Black,CW-680,gray
Black,HC-190,gray
Bruton White,CW-710,gray
Bone Black,CW-715,gray
Geddy Gray,CW-720,gray
Randolph Gray,CW-85,gray
Tavern Charcoal,CW-90,gray
White Winged Dove,1457,neutral
Angelica,AF-665,neutral
Lilac Hush,CSP-490,neutral
Gotham,CSP-385,neutral
Coachman's Cape®,CSP-90,neutral
Silhouette,AF-655,neutral
Willow,CC-542,neutral
A la Mode,2109-70,neutral
Portland Gray,2109-60,neutral
Elephant Gray,2109-50,neutral
Smoked Oyster,2109-40,neutral
Topeka Taupe,1463,neutral
Stone Brown,2112-30,neutral
Black Bean Soup,2130-10,neutral
Cloudy Gray,2107-70,neutral
Sea Froth,2107-60,neutral
Sandlot Gray,2107-50,neutral
Studio Clay,CSP-380,neutral
Wood Grain Brown,2109-30,neutral
Rural Earth,1239,neutral
Brownstone,CSP-240,neutral
Featherstone,1002,neutral
Knitting Basket,CSP-405,neutral
Grége Avenue,991,neutral
Creekbed,1006,neutral
Driftwood,2107-40,neutral
Hearthstone Brown,2109-20,neutral
Classic Brown,2109-10,neutral
Bride To Be,1009,neutral
Rose Dust,1010,neutral
Meadow Pink,1011,neutral
Whispering Woods,1012,neutral
Taupetone,1013,neutral
French Press,AF-170,neutral
Otter Brown,2137-10,neutral
Frosted Toffee,988,neutral
Tucson Winds,1024,neutral
Pinky Swear,CSP-340,neutral
Whipped Mocha,CSP-350,neutral
Firewood,1027,neutral
Middlebury Brown,HC-68,neutral
Branchport Brown,HC-72,neutral
Peau de Soie,AF-60,neutral
Chocolate Mousse,1025,neutral
Shabby Chic,1018,neutral
Dellwood Sand,1019,neutral
Devonwood Taupe,1008,neutral
Clinton Brown,HC-67,neutral
Café Doppio,CSP-210,neutral
Rocking Chair,CSP-400,neutral
Mocha Cream,995,neutral
Alphano Beige,989,neutral
Hampshire Taupe,990,neutral
Quietude,CSP-230,neutral
Chocolate Velvet,CSP-235,neutral
Mustang,2111-30,neutral
Kitten Whiskers,1003,neutral
Desert Light,1004,neutral
Hazelwood,1005,neutral
Evening Gown,CSP-375,neutral
Weimaraner,AF-155,neutral
Brown Horse,2108-30,neutral
Sierra Spruce,2108-20,neutral
Smokey Taupe,983,neutral
Old Soul,CSP-65,neutral
Baja Dunes,997,neutral
Ashley Gray,HC-87,neutral
Beigewood,1007,neutral
Porcini,CSP-195,neutral
Char Brown,2137-20,neutral
Etiquette,AF-50,neutral
Litchfield Gray,HC-78,neutral
Annapolis Gray,HC-176,neutral
Ticonderoga Taupe,992,neutral
Beachcomber,993,neutral
Whitall Brown,HC-69,neutral
Hope Chest,CSP-1050,neutral
Sonnet,AF-55,neutral
Royal Flax,CSP-315,neutral
Cotswold,AF-150,neutral
Cabot Trail,998,neutral
Rustic Taupe,999,neutral
Northwood Brown,1000,neutral
North Creek Brown,1001,neutral
Ionic Column,1016,neutral
Dusty Road,1017,neutral
Broken Arrow,1026,neutral
Woodacres,1020,neutral
Long Valley Birch,1021,neutral
Rockies Brown,2107-30,neutral
Mocha Brown,2107-20,neutral
First Crush,CSP-310,neutral
Carlisle Cream,1031,neutral
King Arthur's Court,1081,neutral
Cream Soda,1082,neutral
Beach House Beige,1083,neutral
Spanish Brown,1028,neutral
Coconut Grove,1029,neutral
Sand Dunes,1072,neutral
Havana Tan,1121,neutral
Cocoa Sand,1122,neutral
Bradstreet Beige,HC-48,neutral
Interlude,AF-135,neutral
Cambridge Riverbed,1035,neutral
Maple Shadows,1022,neutral
Painted Sands,1142,neutral
Moccasin,1059,neutral
Adobe Beige,1128,neutral
Palm Desert Tan,1123,neutral
Saddle Tan,1124,neutral
Acorn,1125,neutral
Deer Trail,1036,neutral
Sea Urchin,1052,neutral
Harmony,AF-90,neutral
Sierra Hills,1053,neutral
Brookline Beige,HC-47,neutral
Morrel,AF-125,neutral
Davenport Tan,HC-76,neutral
Kentucky Birch,CSP-265,neutral
French Macaroon,CSP-335,neutral
Bare Essence,CSP-275,neutral
Bar Harbor Beige,1032,neutral
Truffle,AF-130,neutral
Pensive,AF-140,neutral
Taupe Fedora,CSP-260,neutral
Buckhorn,987,neutral
French White,1093,neutral
Everlasting,1038,neutral
Warm Sand,CSP-280,neutral
Hillsborough Beige,1033,neutral
Clay,1034,neutral
Lodge,AF-115,neutral
Tamarind,AF-120,neutral
Cayman Islands,952,neutral
Stone House,1039,neutral
Sherwood Tan,1054,neutral
Capilano Bridge,1076,neutral
Great Plains Gold,1077,neutral
Edgewood Rocks,1056,neutral
Blue Ridge Mountains,1043,neutral
Mohair,1058,neutral
Blond Wood,1067,neutral
From the Archives,CSP-1060,neutral
Squire Hill Buff,1068,neutral
Camel Hair,CSP-285,neutral
Algonquin Trail,1055,neutral
Maple Valley,1057,neutral
Cappuccino Froth,CSP-1055,neutral
Malton,1073,neutral
Alpaca,1074,neutral
Fairway Oaks,1075,neutral
Brunswick Beige,1061,neutral
Hillcrest Tan,1078,neutral
Coriander Seed,AF-110,neutral
Wood Ash,1065,neutral
Ocean Beach,958,neutral
Richmond Bisque,HC-177,neutral
Blanched Almond,1060,neutral
Twilight Gold,1069,neutral
Caramel Apple,1042,neutral
Weathered Oak,1050,neutral
Lighthouse Landing,1044,neutral
Lady Finger,1045,neutral
Lenox Tan,HC-44,neutral
Spice Gold,1040,neutral
Tyler Taupe,HC-43,neutral
Scarecrow,1041,neutral
Toasted Marshmallow,1049,neutral
Standish White,HC-32,neutral
Powell Buff,HC-35,neutral
Oat Straw,AF-340,neutral
Wilmington Tan,HC-34,neutral
Decatur Buff,HC-38,neutral
Baked Cumin,1062,neutral
Mystic Gold,HC-37,neutral
Barbados Sand,1094,neutral
Papaya,957,neutral
Monroe Bisque,HC-26,neutral
Bridgewater Tan,1096,neutral
Simple Pleasures,1097,neutral
Toasted Almond,1098,neutral
Byzantine Gold,1099,neutral
Cake Batter,CSP-215,neutral
Putnam Ivory,HC-39,neutral
Oakwood Manor,1095,neutral
Hush,AF-95,neutral
Sandy Brown,1046,neutral
Trench Coat,CSP-1020,neutral
Wet Clay,CSP-1045,neutral
Cream Fleece,233,neutral
Shaker Beige,HC-45,neutral
Wheeling Neutral,HC-92,neutral
Kangaroo,AF-145,neutral
Wicker Basket,CSP-255,neutral
Alexandria Beige,HC-77,neutral
Fairview Taupe,HC-85,neutral
Dulce de Leche,CSP-250,neutral
Manchester Tan,HC-81,neutral
Natural Linen,966,neutral
Bleeker Beige,HC-80,neutral
Turret,CC-604,neutral
Smoky Ash,986,neutral
Stampede,979,neutral
Hidden Cove,CSP-1030,neutral
Crisp Khaki,234,neutral
Coastal Path,AF-380,neutral
Quincy Tan,HC-25,neutral
Huntington Beige,HC-21,neutral
Jamesboro Gold,HC-88,neutral
Elk Horn,AF-105,neutral
Vapor,AF-35,neutral
Canvas,267,neutral
Beach Haven,218,neutral
Crumb Cake®,CSP-1010,neutral
Shelburne Buff,HC-28,neutral
Woodstock Tan,HC-20,neutral
Norwich Brown,HC-19,neutral
Simply Irresistible,205,neutral
Ivory Lustre,184,neutral
Philadelphia Cream,HC-30,neutral
Shortbread,CSP-970,neutral
Rattan,AF-375,neutral
Iced Coffee,CSP-985,neutral
Bittergreen,CSP-990,neutral
Woodmont Cream,204,neutral
Soft Biscuit,919,neutral
Honey Harbor,920,neutral
Pittsfield Buff,HC-24,neutral
Candle Glow,CSP-1015,neutral
Livingston Gold,HC-16,neutral
Aged Bronze,231,neutral
Pearly Gates,190,neutral
Happy Valley,212,neutral
Yellow Bisque,220,neutral
Amulet,AF-365,neutral
Avant Garde,272,neutral
Green Tea,236,neutral
Silken Moss,237,neutral
Morning Light,183,neutral
Summer Harvest,206,neutral
Bronzed Beige,2151-50,neutral
Waterbury Cream,HC-31,neutral
Sombrero,249,neutral
Barley Grass,271,neutral
Grenada Hills Gold,229,neutral
Westchester Tan,246,neutral
Norfolk Cream,261,neutral
Consentino Chardonnay,247,neutral
Straw Hat,270,neutral
Shakespeare Tan,228,neutral
Summerdale Gold,HC-17,neutral
Blair Gold,HC-22,neutral
Chatsworth Cream,225,neutral
Almond Bisque,269,neutral
Dunmore Cream,HC-29,neutral
Golden Divan,CSP-1005,neutral
Military Tan,2148-30,neutral
Seville Tan,251,neutral
Olivetone,252,neutral
Oatmeal,268,neutral
Knitted Cape,CSP-965,neutral
Adams Gold,HC-18,neutral
Warm & Toasty®,CSP-915,neutral
Westwood Tan,256,neutral
Millington Gold,HC-13,neutral
Acorn Squash,258,neutral
White Marigold,2149-60,neutral
Natural Beech,253,neutral
Woven Jacquard,254,neutral
Wandering Heart,264,neutral
Honey Oak,257,neutral
Princeton Gold,HC-14,neutral
Porter Ridge Tan,250,neutral
Greenmount Silk,HC-3,neutral
Butter Cookie,CSP-995,neutral
Light Khaki,2148-40,neutral
Sulfur Yellow,2151-40,neutral
Gemstone,265,neutral
Egyptian Sand,266,neutral
Mustard Olive,2151-10,neutral
Light Breeze,512,neutral
Twisted Oak Path,226,neutral
Splendor,AF-385,neutral
Garden Stone,CSP-1000,neutral
Sandalwood,273,neutral
Thyme,2148-20,neutral
Foot Hills,2148-10,neutral
Sandy White,2148-50,neutral
Marble Canyon,227,neutral
Yorkshire Tan,HC-23,neutral
Greenbrier Beige,HC-79,neutral
Danville Tan,HC-91,neutral
Northampton Putty,HC-89,neutral
Urban Legend,238,neutral
Seaspray,941,neutral
Delaware Putty,240,neutral
Carrington Beige,HC-93,neutral
Make Believe,CSP-1035,neutral
Bennington Gray,HC-82,neutral
Shiitake Mushroom,CSP-1040,neutral
Cleveland Green,1525,neutral
Plaster of Paris®,CSP-185,neutral
Elmira White,HC-84,neutral
Lace Handkerchief,CSP-220,neutral
Glacial Till,AF-390,neutral
Rocky Beach,CSP-190,neutral
Nordic Gray,CC-576,neutral
Mortar,CC-574,neutral
Fossil,AF-65,neutral
Stone Hearth,984,neutral
Gallery Buff,CSP-225,neutral
Pashmina,AF-100,neutral
Indian River,985,neutral
Kingsport Gray,HC-86,neutral
Woodcliff Lake,980,neutral
Rodeo,1534,neutral
Cosmopolitan,CSP-100,neutral
Plymouth Rock,1543,neutral
Quicksand,CSP-200,neutral
Cathedral Gray,CSP-205,neutral
River Silt,CSP-180,neutral
Dash of Pepper,1554,neutral
Sea Salt,CSP-95,neutral
Shale,861,neutral
Thunder,AF-685,neutral
River Reflections,1552,neutral
Briarwood,HC-175,neutral
Stardust,2108-40,neutral
Iron Gate,1545,neutral
Abalone,2108-60,neutral
Wish,AF-680,neutral
London Fog,1541,neutral
Himalayan Trek,1542,neutral
Upper West Side,CSP-70,neutral
Gothic Arch,CSP-80,neutral
Tweed Coat,CSP-85,neutral
Grandma's China,CSP-365,neutral
Barren Plain,2111-60,neutral
Apparition,860,neutral
Stone Harbor,2111-50,neutral
Castle Gate,CSP-75,neutral
Eagle Rock,1469,neutral
Bear Creek,1470,neutral
Cumulus Cloud,1550,neutral
La Paloma Gray,1551,neutral
Silver Fox,2108-50,neutral
Smoke & Mirrors,CSP-105,neutral
Museum Piece,CSP-40,neutral
Taos Taupe,2111-40,neutral
Sparrow,AF-720,neutral
Revere Pewter,HC-172,neutral
Seattle Mist,1535,neutral
Northern Cliffs,1536,neutral
Chateau,CSP-140,neutral
Rockport Gray,HC-105,neutral
Smoked Truffle,CSP-145,neutral
Squirrel Tail,1476,neutral
Penthouse,CSP-35,neutral
Brushed Aluminum,1485,neutral
Jockey Hollow Gray,HC-108,neutral
River Gorge Gray,1537,neutral
Copley Gray,HC-104,neutral
Gargoyle,1546,neutral
Durango,2137-30,neutral
Skipping Stone,CSP-155,neutral
Senora Gray,1530,neutral
Kid Gloves,CSP-175,neutral
Downtown,CSP-165,neutral
Equestrian Gray,1553,neutral
Deep Creek,1477,neutral
Dragon's Breath,1547,neutral
Strand of Pearls®,CSP-395,neutral
Inner Balance,1522,neutral
Greenwich Gate,CSP-170,neutral
Urban Sophisticate,CSP-160,neutral
Brandon Beige,977,neutral
Raccoon Hollow,978,neutral
Cromwell Gray,HC-103,neutral
Hushed Hue,1520,neutral
Jute,AF-80,neutral
Grant Beige,HC-83,neutral
Sag Harbor Gray,HC-95,neutral
Clarksville Gray,HC-102,neutral
Meditation,AF-395,neutral
Worn Leather Shoes,CSP-135,neutral
Abingdon Putty,HC-99,neutral
Jonesboro Cream,241,neutral
Crown Point Sand,HC-90,neutral
Baffin Island,243,neutral
Providence Olive,HC-98,neutral
At Home with Nature,1518,neutral
Smoke Bush,1519,neutral
Lancaster Whitewash,HC-174,neutral
Limestone,513,neutral
Richmond Gray,HC-96,neutral
Baby Turtle,515,neutral
Ivy League,516,neutral
Greenbrook,517,neutral
Jungle Canopy,CSP-900,neutral
Ice Milk,CSP-1025,neutral
Spa,AF-435,neutral
Lapland,AF-410,neutral
Elemental,AF-400,neutral
Hiking Path,524,neutral
Savannah Shade,525,neutral
Mediterranean Olive,2142-10,neutral
Stoneware,CSP-245,neutral
Moon Shadow,1516,neutral
Mosaic Tile,1517,neutral
Old Salem Gray,HC-94,neutral
Alligator Green,2143-20,neutral
Sage,2143-10,neutral
Evening Grove,1526,neutral
Coastal Fog,976,neutral
Olive Branch,2143-30,neutral
Bed of Ferns,1511,neutral
Hancock Gray,HC-97,neutral
Pine Grove,511,neutral
Sterling Forest,518,neutral
Green Grove,2138-20,neutral
Ally's Earring,CSP-125,neutral
Camouflage,2143-40,neutral
Dried Basil,1510,neutral
Pining for You,1512,neutral
Country Life,1490,neutral
Night Owl,CC-662,neutral
River Rock,2139-10,neutral
Sweet Spring,1500,neutral
Doily,CSP-130,neutral
Victorian Garden,1531,neutral
Majestic Sage,1532,neutral
Bayleaf,1533,neutral
Cabin Fever,1540,neutral
Aegean Olive,1491,neutral
April Showers,1507,neutral
Paris Rain,1501,neutral
Texas Sage,1503,neutral
Hampshire Gray,HC-101,neutral
Crownsville Gray,HC-106,neutral
Gloucester Sage,HC-100,neutral
Southern Vine,2138-10,neutral
Spring Thaw,1508,neutral
Spanish Olive,1509,neutral
Nantucket Gray,HC-111,neutral
Passion Vine,1504,neutral
Sussex Green,HC-109,neutral
Trailing Vines,1505,neutral
Artichoke,2141-10,neutral
Refined,AF-75,neutral
Gray Mirage,2142-50,neutral
Dry Sage,2142-40,neutral
Wethersfield Moss,HC-110,neutral
Springfield Sage,510,neutral
Castle Peak Gray,1561,neutral
Fatigue Green,2140-10,neutral
Dusty Miller,CSP-755,neutral
Winterwood,1486,neutral
Herbal Escape,1487,neutral
Gettysburg Gray,HC-107,neutral
Sage Mountain,1488,neutral
Mohegan Sage,2138-30,neutral
Tuscany Green,2140-20,neutral
Paper Doll,CSP-485,neutral
Winter Orchard,1555,neutral
Horizon Gray,2141-50,neutral
Creekside Green,2141-40,neutral
Antique Pewter,1560,neutral
Desert Twilight,2137-40,neutral
Dark Olive,2140-30,neutral
Vapor Trails,1556,neutral
Gray Horse,2140-50,neutral
Sea Haze,2137-50,neutral
Oil Cloth,CSP-760,neutral
Storm Cloud Gray,2140-40,neutral
Sharkskin,2139-30,neutral
Topsoil,CC-692,neutral
Silver Song,1557,neutral
Fieldstone,1558,neutral
Arctic Shadows,1559,neutral
Cos Cob Stonewall,1483,neutral
Amherst Gray,HC-167,neutral
Kendall Charcoal,HC-166,neutral
Iron Mountain,2134-30,neutral
Light Pewter,1464,neutral
Nimbus,1465,neutral
Gray Huskie,1473,neutral
Cape May Cobblestone,1474,neutral
Graystone,1475,neutral
Dolphin,AF-715,neutral
Chelsea Gray,HC-168,neutral
Barely There,CSP-725,neutral
Picket Fence,CSP-370,neutral
Smoke Embers,1466,neutral
Baltic Gray,1467,neutral
Vintage Pewter,CSP-110,neutral
Street Chic,CSP-45,neutral
Asphalt,CC-548,neutral
American White,2112-70,neutral
Cement Gray,2112-60,neutral
Nightingale,AF-670,neutral
Fusion,AF-675,neutral
Willow Creek,1468,neutral
Barnwood,CSP-115,neutral
Windy City,CSP-150,neutral
Silver Bells,1458,neutral
Through the Looking Glass,CSP-495,neutral
Stormy Monday,2112-50,neutral
Soho Loft,CSP-10,neutral
Stone,2112-40,neutral
Gray Mountain,1462,neutral
Midsummer Night,2134-20,neutral
Whisper,CSP-500,neutral
Metro Gray,1459,neutral
Silver Dollar,1460,neutral
Sterling Silver,1461,neutral
Wool Peacoat,CSP-25,neutral
Granite,AF-660,neutral
Arctic Seal,CSP-15,neutral
Shoreline,1471,neutral
Seersucker Suit,CSP-580,neutral
Coventry Gray,HC-169,neutral
Storm,AF-700,neutral
Wall Street,CSP-20,neutral
Cinder,AF-705,neutral
Burnt Ember,CSP-120,neutral
Ice Fog,CSP-575,neutral
Cliffside Gray,HC-180,neutral
Perspective®,CSP-5,neutral
Metropolitan,AF-690,neutral
Subway Tile®,CSP-585,neutral
Overcoat,CC-544,neutral
Midnight Oil,1631,neutral
Sterling,1591,neutral
Stonington Gray,HC-170,neutral
Silver Chain,1472,neutral
Platinum Gray,HC-179,neutral
Rainstorm,CSP-50,neutral
Gray Gardens,CSP-55,neutral
Black Ink,2127-20,neutral
Alaskan Husky,1479,neutral
Arctic Gray,1577,neutral
Sleigh Bells,1480,neutral
Half Moon Crest,1481,neutral
Sabre Gray,1482,neutral
Secret,AF-710,neutral
City Shadow,CSP-60,neutral
Green Tint,2139-60,neutral
Silver Marlin,2139-50,neutral
Iced Marble,1578,neutral
Castle Walls,1573,neutral
Duxbury Gray,HC-163,neutral
Kitty Gray,1589,neutral
Black Forest Green,HC-187,neutral
Night Mist,1569,neutral
Gray Wisp,1570,neutral
Raindance,1572,neutral
Heather Gray,2139-40,neutral
Intrigue,1580,neutral
Rainy Afternoon,1575,neutral
Ashwood Moss,1484,neutral
Gray Lake,2138-70,neutral
Gray Cashmere,2138-60,neutral
Tranquility,AF-490,neutral
Misted Green,2138-50,neutral
Carolina Gull,2138-40,neutral
Millstone Gray,1581,neutral
Deep River,1582,neutral
Ice Cap,1576,neutral
Imperial Gray,1571,neutral
Sea Glass,CSP-735,neutral
Rushing River,1574,neutral
Porch Swing,CSP-750,neutral
Quarry Rock,1568,neutral
Nightfall,1596,neutral
Silver Crest,1583,neutral
Cool Breeze,CSP-665,neutral
Picnic Basket,CSP-730,neutral
Greyhound,1579,neutral
Stonybrook,1566,neutral
Night Train,1567,neutral
Blacktop,2135-10,neutral
Quiet Moments,1563,neutral
Beach Glass,1564,neutral
Mount Saint Anne,1565,neutral
Gibraltar Cliffs,1587,neutral
Gray Pinstripe,1588,neutral
Knoxville Gray,HC-160,neutral
After Midnight,CSP-630,neutral
Wickham Gray,HC-171,neutral
Silvery Moon,1604,neutral
Boothbay Gray,HC-165,neutral
Puritan Gray,HC-164,neutral
Brewster Gray,HC-162,neutral
Templeton Gray,HC-161,neutral
Midnight,2131-20,neutral
Pale Smoke,1584,neutral
Wales Gray,1585,neutral
Silver Mink,1586,neutral
Cloudy Sky,2122-30,neutral
Smokestack Gray,2131-40,neutral
Lead Gray,2131-30,neutral
Midnight Blue,1638,neutral
Gray Sky,2131-70,neutral
Iceberg,2122-50,neutral
Mountain Mist,868,neutral
Smoke,2122-40,neutral
Van Courtland Blue,HC-145,neutral
Blue Note,2129-30,neutral
Soot,2129-20,neutral
Fanfare,874,neutral
Silver Cloud,2129-70,neutral
Silver Gray,2131-60,neutral
Nimbus Gray,2131-50,neutral
Amsterdam,AF-550,neutral
Britannia Blue,1623,neutral
Westcott Navy,1624,neutral
Cascade White,2127-70,neutral
Blue Lace,1625,neutral
Gentle Gray,1626,neutral
Solitude,AF-545,neutral
French Toile,CSP-595,neutral
Normandy,2129-40,neutral
Abyss,2128-20,neutral
Mt. Rainier Gray,2129-60,neutral
Blue Heather,1620,neutral
Winter Lake,2129-50,neutral
Little Falls,1621,neutral
Mineral Alloy,1622,neutral
Andes Summit,CSP-600,neutral
Ebony King,2132-20,neutral
Gray Cloud,2126-60,neutral
Silver Mist,1619,neutral
Manor Blue,1627,neutral
Coastline,AF-570,neutral
Montpelier,AF-555,neutral
Wolf Gray,2127-40,neutral
Raccoon Fur,2126-20,neutral
Feather Gray,2127-60,neutral
Iced Slate,2130-60,neutral
New Hope Gray,2130-50,neutral
Bachelor Blue,1629,neutral
Evening Dove,2128-30,neutral
Hale Navy,HC-154,neutral
Mysterious,AF-565,neutral
Beacon Gray,2128-60,neutral
November Skies,2128-50,neutral
Oxford Gray,2128-40,neutral
Black Pepper,2130-40,neutral
Anchor Gray,2126-30,neutral
Temptation,1609,neutral
Gravel Gray,2127-30,neutral
Lily White,2128-70,neutral
Violet Mist,1437,neutral
Instinct,AF-575,neutral
Comet,1628,neutral
Eclipse,2132-40,neutral
Ocean Floor,1630,neutral
Cheating Heart,1617,neutral
Bunny Gray,2124-50,neutral
Silver Lining,2119-60,neutral
Silver Spring,2120-50,neutral
Nickel,2119-50,neutral
Silver Streak,2119-40,neutral
Baby Seal Black,2119-30,neutral
Twilight Zone,2127-10,neutral
Iced Cube Silver,2121-50,neutral
White Water,2120-60,neutral
Pike's Peak Gray,2127-50,neutral
Smoke Gray,2120-40,neutral
Witching Hour,2120-30,neutral
Black Iron,2120-20,neutral
Jet Black,2120-10,neutral
Silver Half Dollar,2121-40,neutral
Thundercloud Gray,2124-40,neutral
Pewter,2121-30,neutral
Steel Wool,2121-20,neutral
Trout Gray,2124-20,neutral
Gray,2121-10,neutral
Wrought Iron,2124-10,neutral
Whitestone,2134-60,neutral
Pelican Gray,1612,neutral
Silent Night,1613,neutral
Delray Gray,1614,neutral
Rock Gray,1615,neutral
Stormy Sky,1616,neutral
Notre Dame,CSP-570,neutral
Pebble Beach,1597,neutral
Blue Springs,1592,neutral
Adagio,1593,neutral
Shaker Gray,1594,neutral
Rocky Coast,1595,neutral
Flint,AF-560,neutral
Black Knight,2136-10,neutral
Silver Lake,1598,neutral
Marina Gray,1599,neutral
Gray Cardigan,1600,neutral
Hearthstone,1601,neutral
Gunmetal,1602,neutral
Graphite,1603,neutral
Midnight Dream,2129-10,neutral
Graytint,1611,neutral
Eternity,AF-695,neutral
Winter Solstice,1605,neutral
Cobblestone Path,1606,neutral
Englewood Cliffs,1607,neutral
Ashland Slate,1608,neutral
French Beret,1610,neutral
Pearl River,871,neutral
Sweet Innocence,2125-50,neutral
Gull Wing Gray,2134-50,neutral
Deep Silver,2124-30,neutral
Gray Shower,2125-30,neutral
Deep Space,2125-20,neutral
Black Panther,2125-10,neutral
Mineral Ice,2132-70,neutral
Gray Timber Wolf,2126-50,neutral
Shadow Gray,2125-40,neutral
Whale Gray,2134-40,neutral
Charcoal Slate,HC-178,neutral
Deep Indigo,1442,neutral
Black Tar,2126-10,neutral
Seattle Gray,2130-70,neutral
Early Frost,CSP-590,neutral
Metallic Silver,2132-60,neutral
Pilgrim Haze,2132-50,neutral
Sweatshirt Gray,2126-40,neutral
Black Horizon,2132-30,neutral
Black Satin,2131-10,neutral
Lavender Wash,CSP-515,neutral
Sidewalk Gray,2133-60,neutral
Pigeon Gray,2133-50,neutral
Charcoal Linen,2133-40,neutral
Day's End,2133-30,neutral
Black Jack,2133-20,neutral
Onyx,2133-10,neutral
Misty Memories,2118-60,neutral
Excalibur Gray,2118-50,neutral
Sea Life,2118-40,neutral
Almost Black,2130-30,neutral
Ebony Slate,2118-30,neutral
Toucan Black,2118-20,neutral
Universal Black,2118-10,neutral
Heaven,2118-70,neutral
Wisteria,AF-585,neutral
Tempest,AF-590,neutral
Mythic,CSP-510,neutral
Espresso Bean,CSP-30,neutral
Black Beauty,2128-10,neutral
Space Black,2119-10,neutral
Slate,CW-700,neutral
Tucker Gray,CW-705,neutral
Lampblack,CW-695,neutral
Bracken Slate,CW-690,neutral
Ambler Slate,CW-685,neutral
Mopboard Black,CW-680,neutral
Black,HC-190,neutral
Bruton White,CW-710,neutral
Bone Black,CW-715,neutral
Geddy Gray,CW-720,neutral
Gunsmith Gray,CW-65,neutral
Randolph Gray,CW-85,neutral
Tavern Charcoal,CW-90,neutral
Bucktrout Brown,CW-180,neutral
York Gray,CW-45,neutral
Tyler Gray,CW-50,neutral
Finnie Gray,CW-55,neutral
Tavern Gray,CW-40,neutral
Carter Gray,CW-80,neutral
Randolph Stone,CW-75,neutral
Tucker Chocolate,CW-175,neutral
Lime White,CW-95,neutral
Timson Sand,CW-140,neutral
Brick House Tan,CW-145,neutral
Cole Stone,CW-60,neutral
Revolutionary Storm,CW-155,neutral
Powell Smokehouse,CW-360,neutral
Tarpley Brown,CW-170,neutral
Prentis Cream,CW-100,neutral
Bracken Cream,CW-105,neutral
Williamsburg Stone,CW-25,neutral
Market Square Shell,CW-30,neutral
Palace Tan,CW-35,neutral
Pelham Gray,CW-70,neutral
Dixon Brown,CW-160,neutral
Calcite,CW-110,neutral
Cornice Tan,CW-115,neutral
Bracken Biscuit,CW-120,neutral
Brush Beige,CW-125,neutral
Coffeehouse Tan,CW-130,neutral
Everard Coffee,CW-150,neutral
Coffeehouse Chocolate,CW-165,neutral
Franklin White,CW-200,neutral
Randolph Bisque,CW-185,neutral
Raleigh Tan,CW-190,neutral
Chowning's Tan,CW-195,neutral
Raleigh Sorrel,CW-135,neutral
White Opulence,OC-69,white
Alabaster,OC-129,white
Gardenia,AF-10,white
Pink Damask,OC-72,white
Sand Dollar,OC-71,white
Whitewater Bay,OC-70,white
Vintage Taupe,2110-70,white
Opal,OC-73,white
Colonial Cream,OC-77,white
Parchment,OC-78,white
Onyx White,OC-74,white
Pristine,OC-75,white
Old Country,OC-76,white
Brandy Cream,OC-4,white
Butter Pecan,OC-89,white
Bare,OC-98,white
Capri Coast,OC-87,white
Evening White,OC-81,white
Antique White,OC-83,white
Old Fashioned Peach,OC-79,white
Pirates Cove Beach,OC-80,white
Cream Froth,OC-97,white
Sugar Cookie,OC-93,white
Ivory Tusk,OC-91,white
Devon Cream,OC-102,white
Pompeii,OC-82,white
Desolate,OC-101,white
Crème Caramel,OC-84,white
White Blush,OC-86,white
Collector's Item,AF-45,white
Indian White,OC-88,white
Deserted Island,OC-99,white
Lambskin,OC-3,white
Muslin,OC-12,white
Cedar Key,OC-16,white
Timid White,OC-39,white
Feather Down,OC-6,white
Maritime White,OC-5,white
Sail Cloth,OC-142,white
Creamy White,OC-7,white
White Sand,OC-10,white
Clay Beige,OC-11,white
Linen White,OC-146,white
Navajo White,OC-95,white
Albescent,OC-40,white
Natural Wicker,OC-1,white
Palace White,OC-100,white
Gentle Cream,OC-96,white
Pale Almond,OC-2,white
Mayonnaise,OC-85,white
Windswept,OC-94,white
Cameo White,OC-147,white
Mannequin Cream,OC-92,white
Antique Lace,OC-104,white
Corinthian White,OC-111,white
Montgomery White,OC-148,white
Mountain Peak White,OC-121,white
White Chocolate,OC-127,white
Vanilla Ice Cream,OC-90,white
Milkyway,OC-110,white
Calming Cream,OC-105,white
Antique Yellow,OC-103,white
Goldtone,OC-112,white
Simply White,OC-117,white
Mascarpone,AF-20,white
Easter Lily,OC-126,white
Powder Sand,OC-113,white
Man on the Moon,OC-106,white
Antiquity,OC-107,white
Pale Moon,OC-108,white
Marble White,OC-34,white
Opaline,OC-33,white
Grand Teton White,OC-132,white
Niveous,OC-36,white
Spanish White,OC-35,white
Lancaster White,OC-144,white
Elephant Tusk,OC-8,white
Steam,AF-15,white
White Dove,OC-17,white
Swiss Coffee,OC-45,white
White Down,OC-131,white
Ballet White,OC-9,white
Fog Mist,OC-31,white
Baby Fawn,OC-15,white
Lacey Pearl,2108-70,white
Calm,OC-22,white
Silver Satin,OC-26,white
Classic Gray,OC-23,white
Pale Oak,OC-20,white
Balboa Mist,OC-27,white
Collingwood,OC-28,white
Cloud White,OC-130,white
Cloud Cover,OC-25,white
Glacier White,OC-37,white
Soft Chamois,OC-13,white
Dove Wing,OC-18,white
Seapearl,OC-19,white
Wind's Breath,OC-24,white
Snowfall White,OC-118,white
Moonlight White,OC-125,white
Floral White,OC-29,white
Old Prairie,OC-42,white
Ashwood,OC-47,white
Natural Cream,OC-14,white
Tapestry Beige,OC-32,white
Cotton Balls,OC-122,white
Bavarian Cream,OC-123,white
Acadia White,OC-38,white
Lemon Chiffon,OC-109,white
Lemon Ice,OC-114,white
Cream Silk,OC-115,white
Pale Celery,OC-116,white
Alpine White,OC-124,white
Minced Onion,OC-128,white
Seashell,OC-120,white
Ancient Ivory,OC-133,white
Cream Cloak,OC-135,white
Celery Salt,OC-136,white
Misty Air,OC-44,white
Paper Mache,AF-25,white
Meadow Mist,OC-134,white
Halo,OC-46,white
Gray Mist,OC-30,white
French Canvas,OC-41,white
Overcast,OC-43,white
Sea Wind,OC-139,white
Icicle,OC-60,white
Cloud Nine,OC-119,white
Sebring White,OC-137,white
White Drifts,OC-138,white
November Rain,OC-50,white
Morning Dew,OC-140,white
Hazy Skies,OC-48,white
Frostine,AF-5,white
Vanilla Milkshake,OC-59,white
Winter White,OC-21,white
Cascade Mountains,862,white
Intense White,OC-51,white
Titanium,OC-49,white
Gray Owl,OC-52,white
Snow White,OC-66,white
Ice Mist,OC-67,white
White Ice,OC-58,white
White Wisp,OC-54,white
Paper White,OC-55,white
Horizon,OC-53,white
Moonshine,OC-56,white
Wedding Veil,2125-70,white
Palest Pistachio,2122-60,white
Marilyn's Dress,2125-60,white
Stone White,2120-70,white
Full Moon,2119-70,white
Tundra,2133-70,white
Genesis White,2134-70,white
Distant Gray,OC-68,white
White Heron,OC-57,white
Chalk White,2126-70,white
Winter Snow,OC-63,white
Misty Gray,2124-60,white
Baby's Breath,OC-62,white
Pure White,OC-64,white
Chantilly Lace,OC-65,white
Super White,OC-152,white
White,OC-151,white
Ultra White,CC-10,white
Brilliant White,OC-150,white
Decorator's White,OC-149,white
White Diamond,OC-61,white
Harwood Putty,CW-5,white
Capitol White,CW-10,white
Parish White,CW-15,white
Geddy White,CW-20,white
