,color_name
0,Easter Bonnet
1,Bunny Nose Pink
2,Exotic Fuchsia
3,Lilac Pink
4,Twilight Magenta
5,Summer Plum
6,Elderberry Wine
7,Charming Pink
8,Passion Pink
9,Pink Taffy
10,Pink Raspberry
11,Pre-Dawn Sky
12,Mulberry
13,Dark Burgundy
14,Rosemist
15,Orleans Violet
16,Cranberry Ice
17,Melrose Pink
18,Vintage Claret
19,Bottle of Bordéaux
20,Radicchio
21,Baby Dreams
22,Misty Rose
23,Countryside Pink
24,Fashion Rose
25,Old Claret
26,Cascabel Chile
27,Bewitched
28,Primrose Petals
29,Sweet Naivete
30,Pink Pansy
31,Begonia
32,Berry Fizz
33,Cranberry Cocktail
34,Raisin Torte
35,I Love You Pink
36,Valentine's Day
37,Pretty Pink
38,Spring Azalea
39,Hot Lips
40,Gypsy Pink
41,Magenta
42,Nursery Pink
43,Dog's Ear
44,Easter Pink
45,Raspberry Mousse
46,Crushed Berries
47,Royal Flush
48,Crushed Velvet
49,Candy Stripe
50,Bermuda Breeze
51,Wild Heart
52,Tropical Rose
53,Razzle Dazzle
54,Pink Corsage
55,Chinaberry
56,Newborn Pink
57,Pink Cherub
58,Pink Begonia
59,Island Sunset
60,Pink Ladies
61,Roseate
62,Pink Peony
63,Pink Petals
64,Rhododendron
65,Springtime Bloom
66,Peony
67,Aztec Lily
68,Rose Garden
69,Strawberry
70,Paradise Pink
71,Royal Fuchsia
72,Raspberry Glaze
73,Night Flower
74,Pink Innocence
75,Damask Rose
76,Rosewood
77,Cherokee Brick
78,Modern Romance
79,Plum Raisin
80,Ruby Dusk
81,50's Pink
82,Posy Pink
83,Bayberry
84,Taste of Berry
85,Gypsy Love
86,Baby Pink
87,Rosy Glow
88,Wild Pink
89,Cherry Wine
90,Raspberry Truffle
91,Classic Burgundy
92,Flush Pink
93,Sweet Taffy
94,Blushing Bride
95,Deep Carnation
96,Rosy Blush
97,Drop Dead Gorgeous
98,Fuchsine
99,Ballerina Pink
100,Pink Lace
101,Pink Ruffle
102,Pink Blossom
103,Vibrant Blush
104,Sultan's Palace
105,Gentle Blush
106,Early Sunrise
107,Precious Pink
108,Rouge
109,Peppermint
110,Pink Dynasty
111,Tara
112,Princess
113,Prom Dress
114,Raspberry Glacé
115,Warm Earth
116,Paris Romance
117,Kept Love Letters
118,Mauve Mist
119,Deep Mauve
120,Love Affair
121,Townsend Harbor Brown
122,Paisley Pink
123,Rose Lace
124,Victoriana
125,Amaryllis
126,Chestnut
127,Petunia Pink
128,Engagement
129,Hummingbird
130,Toasted Mauve
131,Burgundy Rose
132,Parisian Red®
133,Silky Smooth
134,Pink Attraction
135,Palermo Rose
136,Tawny Port
137,Hot Apple Spice
138,Cotton Candy
139,Unspoken Love
140,Pink Eraser
141,Genuine Pink
142,Cinnabar
143,Pomegranate
144,Sundried Tomato
145,Wispy Pink
146,Pink Pearl
147,Pink Ribbon
148,Secret Rendezvous
149,Mardi Gras
150,Mediterranean Spice
151,Cherry Burst
152,Romantic Pink
153,Misted Rose
154,Radiant Rose
155,Deco Rose
156,My Valentine
157,Flamenco
158,Rapture
159,Pink Parfait
160,May Flowers
161,Baby Girl
162,Pink Starburst
163,Santa's Suit
164,Ribbon Pink
165,Pure Pink
166,Bubble Bath
167,Italiano Rose
168,Raspberry Pudding
169,Rose Parade
170,Voile Pink
171,Light Chiffon Pink
172,Strawberry Sorbet
173,Elephant Pink
174,Confetti
175,Blush Tone
176,Strawberry Shortcake
177,Poppy
178,Marshmallow Bunny
179,Country Pink
180,Full Bloom
181,Pink Popsicle
182,Bonaparte
183,Pleasing Pink
184,Exotic Pink
185,Coral Pink
186,True Pink
187,Spring Tulips
188,Pink Cadillac
189,Sweet 16 Pink
190,Romance
191,Pretty in Pink
192,Potpourri
193,Berry Wine
194,Bonfire
195,Angel Pink
196,Pastel Pink
197,Sweet 16
198,Supple Pink
199,Secret Garden
200,Holly Berry
201,Hot Tamale
202,Powder Blush
203,Bed of Roses
204,Hearts Delight
205,Heartbeat
206,Coral Essence
207,Embroidered Flower
208,Chili Pepper
209,Pink Fairy
210,Cat's Meow
211,Authentic Pink
212,Pink Punch
213,Cactus Flower
214,Yours Truly
215,Ballet Slippers
216,Tickled Pink
217,Flamingo's Dream
218,Rose Quartz
219,Vermilion
220,Rose Rococo
221,Fantasy Pink
222,Sailor's Delight
223,Florida Pink
224,Touch of Pink
225,Tippy Toes
226,Pink Sea Shell
227,Pink Buff
228,Bubble Tea
229,Shy Cherry
230,Powder Pink
231,Little Piggy
232,Delicate Rose
233,Glamour Pink
234,Cinco de Mayo
235,Santa Fe Pottery
236,April Pink
237,Playful Pink
238,Camellia Pink
239,Belladonna Lily
240,Tea Room
241,Sweet Rosy Brown
242,Strawberry Yogurt
243,Rose Silk
244,Cherry Malt
245,New England Brown
246,Harvest Brown
247,Beaver Brown
248,Pancake Syrup
249,Strawberry-n-Cream
250,Pale Berry
251,Sandblast
252,Hickory Stick
253,Peatmoss
254,English Manor
255,Natural Brown
256,Bridal Rose
257,Organdy
258,Batik
259,Monet
260,Barberry
261,Quietly Violet
262,Terrazzo Brown
263,Sonoma Clay
264,Sequoia
265,Velvet Plum
266,Cup o' Java
267,Hasbrouck Brown
268,First Light
269,Honey Hut
270,Rose Bisque
271,Brown Teepee
272,Pueblo Brown
273,Raphael
274,Frosted Petal
275,Georgia Pink
276,Titanic Rose
277,Texas Rose
278,Boston Brick
279,Pumpernickel
280,Earth Brown
281,Pink Swirl
282,Heather Pink
283,Rosy Tan
284,Onondaga Clay
285,Sienna
286,Pink Bliss
287,Peach Kiss
288,Brighton Rock Candy
289,Venetian Rose
290,Badlands
291,Southwest Pottery
292,Burnt Russet
293,Spring Blossom
294,Pink Hibiscus
295,Bouquet Rose
296,Raspberry Parfait
297,Heirloom Quilt
298,Deep Poinsettia
299,Clydesdale Brown
300,Fond Memory
301,Fruit Shake
302,Cool Lava
303,Persimmon
304,Potters Wheel
305,Mexicana
306,Tea
307,Frosty Pink
308,Dream Whip
309,Salmon Berry
310,Tomato Cream Sauce
311,Lip Gloss
312,Warm Sienna
313,Rustic Brick
314,Spring Pink
315,Strawberry Freeze
316,Tender Pink
317,Wild Flower
318,Pink Mix
319,Moroccan Spice
320,Rose Reflection
321,Pearly Pink
322,Dawn Pink
323,Pink Flamingo
324,Rosy Apple
325,Sangria
326,Soft Pink
327,Rose Petal
328,Smashing Pink
329,Minstrel Heart
330,Rhubarb
331,Light Quartz
332,Springy Peach
333,Fashion Pink
334,Hydrangea Flowers
335,Geranium
336,Creamy Peach
337,Perky Peach
338,Mixed Fruit
339,Pink Peach
340,Claret Rose
341,Paper Lantern
342,Valentine Memories
343,Pink Canopy
344,All-a-Blaze
345,Dark Salmon
346,Salsa
347,Redstone
348,Tomato Tango
349,Gentle Butterfly
350,Blushing Brilliance
351,Paradise Peach
352,Old World
353,Coral Gables
354,Bird of Paradise
355,Habanero Pepper
356,Cream Puff
357,Pacific Grove Pink
358,Pink Powderpuff
359,Summer Vacation
360,Passion Fruit
361,Coral Bronze
362,Hint of Pink
363,Pink Cloud
364,Marry Me
365,Eraser Pink
366,Dusty Mauve
367,Copper Clay
368,Mellow Pink
369,Just Peachy
370,Rose Blush
371,Coral Dust
372,Antique Rose
373,Fresh Clay
374,Rustique
375,Fairest Pink
376,Pleasant Pink
377,Rosetone
378,Desert Rose
379,Soft Cranberry
380,Twilight Dreams
381,Burnt Cinnamon
382,Tropical Sand
383,Pale Cherry Blossom
384,Allspice
385,Almond Beige
386,Warm Brownie
387,Cocoa Brown
388,Suede Brown
389,Victorian Lace
390,Bermuda Sands
391,Appalachian Spring
392,English Brown
393,Leather Saddle Brown
394,Mocha Madness
395,Mauve Hint
396,Autumn Brown
397,Espresso
398,Cupcake
399,Brown
400,Flax
401,Café Ole
402,Dark Nut Brown
403,Barrel Brown
404,Pampas Grass
405,Gobi Desert
406,Lost Locket
407,Barista
408,Espresso Bark
409,Tudor Brown
410,Mink
411,Soft Sand
412,Cougar Brown
413,Dark Chocolate
414,Van Buren Brown
415,Brown Sugar
416,Wheatberry
417,Southern Comfort
418,Just Beige
419,Pine Cone
420,Auberge
421,Deep Taupe
422,Taupe
423,Wild Rice
424,Misty Blush
425,Hint of Mauve
426,Dusty Ranch Brown
427,Hedgehog Brown
428,Morning Coffee
429,Roasted Coffee Beans
430,Acapulco Sand
431,Sand Pebble
432,Mudslide
433,Rabbit Brown
434,Root Beer Candy
435,Forest Brown
436,Melted Ice Cream
437,Charmeuse
438,Driftscape Tan
439,Riverbank
440,Toasted Brown
441,Java
442,Cappuccino
443,Santa Fe Tan
444,Butternut Brown
445,Antler Brown
446,Adirondack Brown
447,Early Sunset
448,Light Mocha
449,Monticello Rose
450,Foxy Brown
451,Drenched Sienna
452,Fallen Leaf
453,Cimarron
454,Rose Accent
455,Pale Petal
456,Soul Mate
457,Rosedale
458,Brindle
459,Copper Mine
460,Earthly Russet
461,Shell Pink
462,Head Over Heels
463,Ciao Bella
464,Palmetto Pink
465,Giant Sequoia
466,Tawny Rose
467,Toasted Chestnut
468,Key Pearl
469,Orchid Pink
470,Rosetta
471,Sharon Rose
472,Colonial Brick
473,Louisiana Hot Sauce
474,Fruited Plains
475,East Lake Rose
476,Frosted Rose
477,Romantica
478,Canyon Rock
479,Sugarcane
480,Sweet Romance
481,Peach Mousse
482,Mesa Peach
483,Crimson
484,Rich Chestnut
485,Precocious
486,Crazy For You
487,Peaches 'n Cream
488,Spiced Apple Cider
489,Rosy Peach
490,Country Lane
491,Conch Shell
492,Salmon Mousse
493,Savannah Clay
494,Spoonful of Sugar
495,Baked Clay
496,Bashful
497,Odessa Pink
498,Chippendale Rosetone
499,Palazzo Pink
500,Santa Rosa
501,Salmon Stream
502,Brownberry
503,Blanched Coral
504,August Sunrise
505,Georgia Peach
506,Coral Rock
507,Golden Gate
508,Tropical Fruit
509,Strawberry Field
510,Custis Salmon
511,Claret
512,Brickyard Clay
513,Wythe Rose
514,Lightfoot Salmon
515,Walnut
516,Reid Brown
517,Charlton Brown
518,Greenhow Vermillion
519,Dragons Blood
520,Soft Shell
521,Pale Pink Satin
522,Bermuda Pink
523,Phoenix Sand
524,Pink Polka Dot
525,Picante
526,Bridal Pink
527,Pink Harmony
528,Salmon Peach
529,Pink Paradise
530,Coral Reef
531,Fan Coral
532,Soft Glow
533,Sunlit Coral
534,Teacup Rose
535,Summer Sun Pink
536,Warm Comfort
537,Sun Washed
538,Peach Cloud
539,Malibu Peach
540,Dusk Pink
541,Tucson Coral
542,Piñata
543,Light Salmon
544,Coral Buff
545,Vivid Peach
546,Monticello Peach
547,Tangerine Dream
548,Flame
549,Tawny Day Lily
550,Sanibel Peach
551,Amber Winds
552,Salmon Run
553,Fresno
554,Hot Spice
555,Heirloom
556,Daylily
557,Peach Cobbler
558,Jupiter Glow
559,Jeweled Peach
560,Sun Kissed Peach
561,Pumpkin Mousse
562,Peach Blossom
563,Coral Glow
564,Rich Coral
565,Fondant
566,Sheer Pink
567,Antique Coral
568,Farmer's Market
569,Baked Terra Cotta
570,Spiced Pumpkin
571,Salsa Dancing
572,Ecru
573,Whispering Peach
574,Springtime Peach
575,Coral Spice
576,Autumn Cover
577,Fire Dance
578,Sunset Hill
579,Peach Nectar
580,Summer Melon
581,Sausalito Sunset
582,San Antonio Rose
583,Prairie Lily
584,Fiery Opal
585,Rosebud
586,Forever Young
587,Del Ray Peach
588,Tuscan Tile
589,Coral Bells
590,Sedona Clay
591,Pink Moiré
592,Golden Beige
593,Fresh Peach
594,Mexican Tile
595,Audubon Russet
596,Egyptian Clay
597,Summer Peach
598,Queen Anne Pink
599,Careless Whispers
600,Apricot Beige
601,Cinnamon 'n Spice
602,Patina
603,Love Always
604,Outer Banks
605,Lake House
606,Amaretto
607,Oregon Trail
608,Tissue Pink
609,Milk Shake
610,Crossroads
611,Nutmeg
612,Fox Run
613,Mountain Retreat
614,Cowboy Boots
615,Cashmere Wrap
616,Gaucho Brown
617,Carob
618,Raisin
619,Saint Martin Sand
620,Falcon Brown
621,Georgetown Pink Beige
622,Clementine Rose
623,Winthrop Peach
624,Ipanema
625,Chocolate Pudding
626,Riding Boots
627,Ferret Brown
628,Inner Peach
629,Saddle Soap
630,Chocolate Candy Brown
631,Grizzly Bear Brown
632,Latte
633,Burlap
634,San Carlos Tan
635,Ten Gallon Hat
636,Arizona Canyon
637,Chocolate Truffle
638,Pensacola Pink
639,Nautilus Shell
640,Adobe Dust
641,Pumpkin Patch
642,Montana Agate
643,Pumice Stone
644,Abbey Brown
645,Sweet Salmon
646,Perfect Peach
647,Intense Peach
648,Oriole
649,Rust
650,Pilgrimage Foliage
651,Aztec Brick
652,Daytona Peach
653,Summer Peach Tree
654,Peachy Keen
655,Peach Cooler
656,Cameo Rose
657,Peachland
658,Sunset Boulevard
659,Tangerine Fusion
660,Ambrosia
661,Sunfish
662,Succulent Peach
663,Golden Cherry
664,Corlsbud Canyon
665,Topaz
666,Peach Melba
667,Juno Peach
668,Hugs & Kisses
669,Bryce Canyon
670,Pumpkin Cream
671,Fall Harvest
672,Pale Oats
673,Vegetable Patch
674,Pennies From Heaven
675,Tandoori
676,Warm Blush
677,Aphrodite Pink
678,Melon Cup
679,Myrtle Beach
680,Sienna Clay
681,Warmed Cognac
682,Candle Light
683,Sycamore
684,Milk and Honey
685,Italianate
686,Lenape Trail
687,Toasted Pecan
688,Copper Kettle
689,Baker's Dozen
690,Tuscany
691,Suntan Bronze
692,Brentwood
693,Satchel
694,Bayshore Beige
695,Chadwick Brown
696,Birchwood
697,Antique Copper
698,Coyote Trail
699,Charleston Brown
700,Wooded Vista
701,Maplewood
702,Cattail
703,Kona
704,Brown Tar
705,Metallic Gold
706,Penny
707,Pony Brown
708,Grandfather Clock Brown
709,Seed Brown
710,Sheraton Beige
711,Grazing Fawn
712,Rich Clay Brown
713,Marsh Brown
714,Saddle Brown
715,Amelia Blush
716,Dearborn Tan
717,Wilderness Cabin
718,Old Canal
719,Log Cabin
720,Hidden Valley
721,Apricot Tint
722,Casabella
723,Mountain Hideaway
724,Fire Glow
725,Cappuccino Muffin
726,Masada
727,Apricot Ice
728,Tudor Cream
729,Hathaway Peach
730,Sweet 'n Sour
731,Peach Brandy
732,Pumpkin Pie
733,Gold Rush
734,Gerbera Daisy
735,Peach Stone
736,Soft Salmon
737,Tooty Fruity
738,Butterfly Wings
739,Tangerine Melt
740,Apricot Chiffon
741,Funky Fruit
742,Peach Pudding
743,Vivid Beauty
744,Party Peach
745,Peach Cider
746,Crisp Straw
747,Citrus Blossom
748,Ansonia Peach
749,Harvest Moon
750,Burnt Caramel
751,Georgia On My Mind
752,Jumel Peachtone
753,Persian Melon
754,Starfish
755,Rio Rancho Clay
756,Buttered Yam
757,Caramel Latte
758,Arizona Peach
759,Melon Ice
760,Crestwood Tan
761,Beeswax
762,Grand Canyon
763,Cornucopia Tan
764,Bronze Tone
765,Delicate Peach
766,Peach Complexion
767,Tangerine Mist
768,Peach Sorbet
769,Antelope Canyon
770,14 Carrots
771,Winter Melon
772,Sweet Melon
773,Peach Jam
774,Tangerine Zing
775,Carrot Stick
776,Creamy Beige
777,Melon Popsicle
778,Marmalade
779,New Dawn
780,Fruit Punch
781,Woodland Snow
782,Florida Seashells
783,Manila
784,Pumpkin Spice
785,Peruvian Chili
786,Beachcrest Sand
787,Cantaloupe
788,Soft Marigold
789,Butterscotch
790,Golden Harvest
791,Golden Dunes
792,Soft Beige
793,Sweet Nectar
794,Asbury Sand
795,August Morning
796,Brilliant Amber
797,Jack O'Lantern
798,Lychee
799,Pumpkin Seeds
800,Natural Sand
801,Golden Mist
802,Harvest Bronze
803,Amber
804,Pumpkin Blush
805,Hazelnut Cream
806,Face Powder
807,Approaching Autumn
808,Warm Sunglow
809,Butterscotch Sundae
810,Byzantine
811,Mystic Beige
812,Home Sweet Home
813,Tucson Tan
814,Natural Leather
815,Toffee Cream
816,Maryville Brown
817,Glenwood Brown
818,Creamy Satin
819,Hidden Oaks
820,Cafe Royal
821,Jackson Tan
822,Lake Shore Trail
823,Vero Beach Tan
824,Arizona Tan
825,Chilled Chardonnay
826,Farm Fresh
827,Autumn Leaf
828,Café au Lait
829,Valley Forge Brown
830,Plymouth Brown
831,Powder Puff
832,Butternut Squash
833,Warm Apple Crisp
834,Glazed Pear
835,Runyon Canyon Tan
836,Honeycomb
837,Heartsmere
838,Creamy Custard
839,Harbor Highlands Tan
840,Cognac Snifter
841,Tawny
842,Coppertone
843,Mexican Hot Chocolate
844,Flawless
845,Mohave Desert
846,Sepia Tan
847,Desert Beach
848,Maple Syrup
849,Etruscan
850,Durango Dust
851,Chamois
852,Barley Harvest
853,Peanut Shell
854,Fairmont Gold
855,Dark Mustard
856,Handmade
857,Glowing Apricot
858,Peach Crisp
859,Old Gold
860,Delightful Golden
861,Venetian Gold
862,Dried Mustard
863,Birmingham Cream
864,Wheatfield
865,Golden Light
866,Honey Burst
867,Honeybell
868,Golden Archway
869,Fruity Cocktail
870,Pale Daffodil
871,Tangelo
872,Sharp Cheddar
873,Pineapple Smoothy
874,Peach Yogurt
875,Fresh Fruit
876,Mango Punch
877,Cancun Sand
878,Secluded Beach
879,Amber Waves
880,Morgan Hill Gold
881,Cookie Dough
882,Somerset Peach
883,Oklahoma Wheat
884,Roasted Sesame Seed
885,Golden Meadow
886,Point Pleasant
887,Fennel Seed
888,Roxbury Caramel
889,Richmond Gold
890,Kansas Grain
891,Cream
892,Precious Ivory
893,Boardwalk
894,Camel Back
895,Gladstone Tan
896,Greenfield Pumpkin
897,Peach Pie
898,Safari
899,Tawny Bisque
900,Sandy Valley
901,Warm Tan
902,Ylang Ylang
903,Sundial
904,Harvest Time
905,Honeymoon
906,Graham Cracker
907,Gettysburgh Gold
908,Autumn Bronze
909,Cotton Tail
910,Hepplewhite Ivory
911,Key West Ivory
912,Goldfinch
913,Gingerbread Man
914,Camel
915,Desert Camel
916,Filtered Sunlight
917,Porter Ranch Cream
918,Desert Tan
919,Maple Sugar
920,Turmeric
921,Caramel Corn
922,Straw
923,Semolina
924,Gold Mine
925,Desert Sunset
926,Sun Blossom
927,Happily Ever After
928,Citrus Blast
929,Byrd Beige
930,Moir Gold
931,Gamboge
932,Massicot
933,Bryan Ochre
934,Raleigh Peach
935,Galt Peach
936,Tavern Ochre
937,Coffeehouse Ochre
938,English Ochre
939,Windham Cream
940,Honeywheat
941,Country Comfort
942,Nacho Cheese
943,Oxford Gold
944,Sunflower Fields
945,Mayan Gold
946,Old World Romance
947,Shooting Star
948,Morning Sunshine
949,Sunny Days
950,Corn Husk
951,Golden Vista
952,Dash of Curry
953,Popcorn Kernel
954,Sweet Butter
955,Lion Heart
956,Pan for Gold
957,Apple Crisp
958,Peanut Butter
959,Aura
960,Golden Lab
961,Bryant Gold
962,Glowing Umber
963,Dijon
964,Dorset Gold
965,Hathaway Gold
966,Kurkuma
967,Corduroy
968,Golden Bark
969,Vellum
970,Golden Tan
971,Chestertown Buff
972,Walk on the Beach®
973,Cork
974,French Horn
975,Goldenhurst
976,America's Heartland
977,Cornsilk
978,Barley
979,Concord Ivory
980,Stuart Gold
981,Spicy Mustard
982,Swans Mill Cream
983,Mushroom Cap
984,Beverly Hills
985,Golden Nugget
986,Mardi Gras Gold
987,Lighthouse
988,Golden Honey
989,Golden Groves
990,Sunflower
991,Lemon Shine
992,Halifax Cream
993,Good Vibrations
994,Lemon Drops
995,American Cheese
996,Sparkling Sun
997,Winter Sunshine
998,Hay Stack
999,Squish-Squash
1000,Dalila
1001,Amarillo
1002,Sunshine
1003,Lemon
1004,You Are My Sunshine
1005,Lemon Sorbet
1006,Golden Orchards
1007,Abstracta
1008,Candlelit Dinner
1009,Sundress
1010,Broadway Lights
1011,Firefly
1012,Luminous Days
1013,Glen Ridge Gold
1014,Fields of Gold
1015,Santo Domingo Cream
1016,Hannah Banana
1017,Golden Bounty
1018,Autumn Gold
1019,Antique Bronze
1020,Tapestry Gold
1021,Weston Flax
1022,Valley View
1023,Da Vinci's Canvas
1024,Leap of Faith
1025,Medieval Gold
1026,Grecian Gold
1027,Linen Sand
1028,Harp Strings
1029,Mustard Seed
1030,Citrine
1031,Gilded Ballroom
1032,El Sereno Gold
1033,Brazen
1034,Fresh Air
1035,Melted Butter
1036,Marblehead Gold
1037,Buena Vista Gold
1038,Renaissance Gold
1039,Golden Chalice
1040,Ray of Light
1041,Honeybee
1042,California Hills
1043,Hollywood Gold
1044,French Quarter Gold
1045,Goldsmith
1046,Fresh Butter
1047,Goldfield
1048,Showtime
1049,Sun Valley
1050,Moonlight
1051,Little Angel
1052,Lemon Soufflé
1053,Birdhouse
1054,Pure Joy
1055,Sunbeam
1056,Lightning Bolt
1057,Provence Crème
1058,Pineapple Grove
1059,Glimmer
1060,Sunrays
1061,Banan-Appeal
1062,Sun City
1063,Sundance
1064,Lightning Bug
1065,Sunburst
1066,Crème Brulee
1067,Lemonade
1068,Little Dipper
1069,Lemon Grass
1070,Good Morning Sunshine
1071,Sun Porch
1072,Crisp Linen
1073,North Star
1074,Lightning Storm
1075,San Fernando Sunshine
1076,No-Nonsense
1077,Sunny Afternoon
1078,Butter
1079,San Pedro Morning
1080,Lemon Meringue
1081,Cheerful
1082,Pale Straw
1083,Falling Star
1084,Early Dawn
1085,Limon
1086,St. Elmo's Fire
1087,Baby Chick
1088,Yolk
1089,Ginseng Root
1090,Old Straw Hat
1091,Fun in the Sun
1092,Lemon Grove
1093,Counting Stars
1094,Light of the Moon
1095,Calla Lily
1096,Copacabana
1097,Sunshine on the Bay
1098,Inner Glow
1099,Treasure Trove
1100,Cashmere
1101,Royal Linen
1102,Banana Cream
1103,Cambridge Heights
1104,Freedom Trail
1105,Luxurious Gold
1106,Luminaire
1107,Mother Earth
1108,Golden Thread
1109,Gibson Gold
1110,Citronée
1111,Golden Hills
1112,Spring Morning
1113,Henderson Buff
1114,Anjou Pear
1115,Fresh Olive
1116,Dragonwell
1117,Light as a Feather
1118,Sweet Cream
1119,Mustard Field
1120,Angel's Trumpet
1121,Spice Market
1122,Governor's Gold
1123,Wythe Gold
1124,Scrivener Gold
1125,Everard Gold
1126,Damask Gold
1127,Palace Ochre
1128,Jasper Opal
1129,City Scape Morning
1130,Golden Delicious
1131,Bright Gold
1132,Citron
1133,Cypress Grove
1134,Sunny Side Up
1135,Sweet Pear
1136,Sweet Vibrations
1137,Citrus Burst
1138,Chartreuse
1139,Beacon Hill Damask
1140,Artichoke Hearts
1141,Spring Dust
1142,Turning Leaf
1143,Savannah Moss
1144,Mellowed Ivory
1145,Meadow View
1146,Wasabi
1147,Rainforest Dew
1148,Castleton Mist
1149,Sesame
1150,Turkish Bay Leaf
1151,Split Pea
1152,Olive Tree
1153,Perfectly Pesto
1154,Handmade Paper
1155,Lime Sherbet
1156,Pale Avocado
1157,Morning Walk
1158,Martini Olive
1159,Forest Moss
1160,Crème Fraiche
1161,Lemon Glow
1162,Lemon Freeze
1163,Granny Smith
1164,Flower Power
1165,Exotic Lime
1166,Eccentric Lime
1167,Eggshell
1168,Light Daffodil
1169,Limelight
1170,New Lime
1171,Chamomile
1172,Spring Moss
1173,Seahorse
1174,Hibiscus
1175,Bright Lime
1176,Tequila Lime
1177,Summer Lime
1178,Fresh Cut Grass
1179,Chic Lime
1180,Margarita
1181,Electric Slide
1182,Dark Lime
1183,Douglas Fir
1184,Lime Ricky
1185,Lemon Twist
1186,Apples and Pears
1187,Limeade
1188,Perennial
1189,Dark Linen
1190,Pale Sea Mist
1191,Dill Pickle
1192,Lilianna
1193,Jalapeño Pepper
1194,Olive Moss
1195,Dark Celery
1196,Grasshopper
1197,Agave
1198,Brookside Moss
1199,Oregano
1200,Avocado
1201,Nantucket Breeze
1202,Dried Parsley
1203,Chopped Dill
1204,Shady Lane
1205,Guacamole
1206,Pistachio Ice Cream
1207,Lichen Stone
1208,Thicket
1209,Mountain Moss
1210,Cabbage Patch
1211,Limesicle
1212,Dune Grass
1213,Harbor Town
1214,Ivy Lane
1215,Fraser Fir
1216,Nature's Reflection
1217,Warren Acres
1218,Folk Art
1219,Peaceful Garden
1220,Sweet Daphne
1221,Medieval Times
1222,Ponderosa Pine
1223,Winding Vines
1224,Chameleon
1225,Shades of Spring
1226,Sycamore Tree
1227,Oak Grove
1228,Pale Vista
1229,Neon
1230,Blooming Grove
1231,Feel the Energy
1232,Apple Lime Cocktail
1233,Baby Fern
1234,Polar Lights
1235,Sour Apple
1236,Tasty Apple
1237,Neon Lime
1238,Frosty Lime
1239,Lime Accent
1240,Citron Cocktail
1241,Celtic Folklore
1242,Sweet Pea
1243,Apple Froth
1244,Key Lime
1245,Fresh Grass
1246,Napa Vineyards
1247,Pleasant Grove
1248,Lime Froth
1249,Easter Hunt
1250,Scenic View
1251,Lime Twist
1252,Spring Leaf
1253,Paradise Valley
1254,Neon Celery
1255,New Retro
1256,Shimmering Lime
1257,Celery Ice
1258,Sounds of Nature
1259,Fresh Lime
1260,Iced Mint
1261,Pine Sprigs
1262,Exotic Bloom
1263,Peppermint Leaf
1264,Mint Julep
1265,Lime Tart
1266,Four Leaf Clover
1267,Once Upon a Time
1268,Parkside Dunes
1269,Grassy Fields
1270,Lime Sorbet
1271,Citra Lime
1272,Honeydew
1273,Gumdrop
1274,Aurora Borealis
1275,Seaweed
1276,Sweet Honeydew Melon
1277,Grassy Meadows
1278,Lotus Flower
1279,Irish Moss
1280,Cat's Eye
1281,Daiquiri Ice
1282,Light Pistachio
1283,Amazon Moss
1284,Pistachio
1285,Cucumber Salad
1286,Douglas Fern
1287,Landscape
1288,Seedling
1289,Land of Liberty
1290,Sweet Basil
1291,Calming Aloe
1292,Sienna Laurel
1293,Kiwi
1294,Buckingham Gardens
1295,Herb Garden
1296,Veranda View
1297,Corn Stalk
1298,Central Park
1299,Sweet Caroline
1300,Apple Blossom
1301,Lily Pad
1302,Dill Weed
1303,Misted Fern
1304,Bonsai
1305,Spring Meadow
1306,Liberty Park
1307,Barefoot in the Grass
1308,Mountain Lane
1309,Pine Brook
1310,Forest Floor
1311,Stolen Moments
1312,Maidenhair Fern
1313,Mesquite
1314,Grasslands
1315,Aventurine
1316,Home on the Range
1317,Spring has Sprung
1318,Rosemary Sprig
1319,Eucalyptus Leaf
1320,Spring Bud
1321,Estate Sale
1322,Tate Olive
1323,Hint of Mint
1324,Tree Moss
1325,Jade Romanesque
1326,Sweet Celadon
1327,Wind Chime
1328,Sagebrush
1329,Croquet
1330,Rolling Hills
1331,Silver Sage
1332,Vale Mist
1333,Jojoba
1334,Vintage Vogue
1335,Thornton Sage
1336,Mistletoe
1337,Alligator Alley
1338,Backwoods
1339,Par Four
1340,Tea Light
1341,Weekend Getaway
1342,Secret Path
1343,Chimichurri
1344,Sleeping Angel
1345,Cucumber
1346,Martha's Vineyard
1347,Fresh Dew
1348,Mint Chocolate Chip
1349,Pine Barrens
1350,Spring Valley
1351,Jack and the Beanstalk
1352,Cedar Grove
1353,Cedar Path
1354,Holiday Wreath
1355,Dakota Shadow
1356,Sage Wisdom
1357,High Park
1358,In the Garden
1359,Boreal Forest
1360,Stonewashed
1361,Nob Hill Sage
1362,Pine Forest
1363,Norway Spruce
1364,Summer's Day
1365,Pinelands
1366,Healing Aloe
1367,Crystalline
1368,Antique Jade
1369,Garden Path
1370,Flora
1371,Lush
1372,Rosepine
1373,Aloe Vera
1374,Sage Tint
1375,Grenadier Pond
1376,Enchanted Forest
1377,Emerald Vapor
1378,Icy Morn
1379,Turquoise Mist
1380,Pleasant Valley
1381,Herb Bouquet
1382,Swept Away
1383,Scenic Drive
1384,Garden Oasis
1385,Jack Pine
1386,Serene Breeze
1387,Bridal Bouquet
1388,Appalachian Trail
1389,Palm Trees
1390,Deep Sea
1391,Ocean Tropic
1392,Let It Rain
1393,Dreamcatcher
1394,Everglades
1395,Steamed Spinach
1396,Garden Cucumber
1397,Snow Angel
1398,Bath Salts
1399,Spring Break
1400,Reflection
1401,Pure Essence
1402,Winchester Sage
1403,Balsam
1404,Carried Away
1405,Etched Glass
1406,St. John's Bay
1407,Northern Lights
1408,Luck of the Irish
1409,Peridot
1410,Deep Jungle
1411,Tropical Paradise
1412,Bahama Waters
1413,Irish Clover
1414,Rainforest Foliage
1415,Outer Sphere
1416,Marina Bay
1417,Floradale Isle
1418,Cool Mint
1419,Mountainview
1420,Cliffside Park
1421,Island Getaway
1422,Emerald Isle
1423,Fresh Mint
1424,Mermaid's Tale
1425,Florida Keys
1426,Quartz Stone
1427,Spring Breeze
1428,Lady Liberty
1429,Alpine Trail
1430,Lucky Shamrock
1431,Crème de Mint
1432,Spearmint Ice
1433,Robin's Nest
1434,Eucalyptus
1435,Antigua Aqua
1436,Surf 'n Turf
1437,Brookdale Gardens
1438,Medici Malachite
1439,Irish Spring
1440,Tropical Pool
1441,Celadon
1442,Spring Fresh
1443,Caribbean Breeze
1444,Gentle Breeze
1445,Return to Paradise
1446,St. Patrick
1447,Leprechaun
1448,Frosty Mint
1449,Teal Blast
1450,Ming Jade
1451,Irish Mint
1452,Hills of Ireland
1453,Island Paradise
1454,Albuquerque Teal
1455,Light Touch
1456,Biscayne Shore
1457,St. Patty's Day
1458,Kokopelli Teal
1459,Brazilian Rainforest
1460,Gondola Ride
1461,Soft Mint
1462,Fun 'n Games
1463,Juneau Spring
1464,Captivating Teal
1465,Crisp Romaine
1466,Refreshing Teal
1467,Florida Aqua
1468,Garden View
1469,Seagrove
1470,Harbor Side Teal
1471,South Beach
1472,Ocean Spray
1473,Cayman Lagoon
1474,Marine Aqua
1475,Misty Teal
1476,Bermuda Teal
1477,Capri Seas
1478,Juniper
1479,Light Mint
1480,Crystal Clear
1481,Coastal Paradise
1482,Miami Teal
1483,Sherwood Forest
1484,Water Drops
1485,Copper Patina
1486,Skydive
1487,Azure Water
1488,Bavarian Forest
1489,Come Sail Away
1490,Opal Essence
1491,Antique Glass
1492,St. Lucia Teal
1493,Verdigris
1494,Salamander
1495,At Sea
1496,Antiguan Sky
1497,Warm Springs
1498,Antiqued Aqua
1499,Pacific Rim
1500,Dragonfly
1501,Hidden Falls
1502,Spotswood Teal
1503,Geddy Verdigris
1504,Colonial Verdigris
1505,Bali
1506,Azores
1507,Cedar Mountains
1508,Sylvan Mist
1509,Rhine River
1510,Grenada Villa
1511,Sioux Falls
1512,Tropical Oasis
1513,Seacliff Heights
1514,Mystic Lake
1515,Atmospheric
1516,Caribbean Teal
1517,Mediterranean Teal
1518,Whispering Spring
1519,Aegean Teal
1520,Baltic Sea
1521,Ocean Air
1522,Polished Slate
1523,Spring Sky
1524,Thunderbird
1525,Spirit in the Sky
1526,Spring Mint
1527,Waterfall
1528,Casco Bay
1529,Pacific Sea Teal
1530,Barely Teal
1531,Lake Victoria
1532,Oceanic Teal
1533,Gulf Stream
1534,Soft Spruce
1535,Oceanfront
1536,Caribbean Cool
1537,Tropicana Cabana
1538,Teal Tone
1539,Gulf Shores
1540,Tropical Turquoise
1541,Icing on the Cake
1542,Jamaican Aqua
1543,Mexicali Turquoise
1544,Poseidon
1545,Dark Teal
1546,Surf City
1547,Teal Ocean
1548,Largo Teal
1549,Tucson Teal
1550,Jack Frost
1551,San Clemente Teal
1552,Clearlake
1553,Palm Coast Teal
1554,Tropical Teal
1555,Jade Garden
1556,Sonoma Skies
1557,Un-Teal We Meet Again
1558,In the Tropics
1559,Sweet Dreams
1560,Dolphin's Cove
1561,Sea Isle
1562,Seaside Resort
1563,Galápagos Turquoise
1564,Seabrook
1565,Cool Aqua
1566,Venezuelan Sea
1567,Icy Moon Drops
1568,Serenity
1569,Innocence
1570,California Breeze
1571,Madison Avenue
1572,Baltimore Sky
1573,Pacific Palisades
1574,Coat of Arms
1575,Forget Me Not
1576,Spring Rain
1577,Santa Clara
1578,Wilmington Spruce
1579,Picture Perfect
1580,Indigo
1581,Peacock Feathers
1582,Bird's Egg
1583,Spa Day
1584,Rendezvous Bay
1585,Teal
1586,Crystal Springs
1587,Skyscraper
1588,Delano Waters
1589,Dark Harbor
1590,Clear Skies
1591,Heavenly Peace
1592,Bermuda Turquoise
1593,Fountain Spout
1594,Avalon Teal
1595,Slate Teal
1596,In Your Eyes
1597,Paradiso
1598,Hemlock
1599,Miramichi
1600,Winter Ice
1601,Stained Glass
1602,Glacier Lake
1603,Harbor Haze
1604,Dark Pewter
1605,Summer Shower
1606,Soft Chinchilla
1607,Stonecutter
1608,Windy Sky
1609,Franklin Lakes
1610,Thousand Oceans
1611,Exhale
1612,Saratoga Springs
1613,West Coast
1614,Vermont Slate
1615,Lookout Point
1616,Fiji
1617,Hidden Sapphire
1618,Polar Ice
1619,Heaven on Earth
1620,Mediterranean Sky
1621,New Born's Eyes
1622,Sea Reflections
1623,In the Midnight Hour
1624,Serenata
1625,Cable Knit Sweater
1626,Summer Nights
1627,Sea Foam
1628,Polar Sky
1629,Intuition
1630,Dusty Cornflower
1631,Spellbound
1632,Glass Slipper
1633,Deep Secret®
1634,Constellation
1635,Alfresco
1636,Under the Big Top
1637,Northern Air
1638,Hudson Bay
1639,Daydream
1640,Lucerne
1641,Hawaiian Breeze
1642,Poolside
1643,Ocean Breeze
1644,Turquoise Powder
1645,Deep Ocean
1646,Twilight
1647,Splash
1648,Graceful Sea
1649,Dream I Can Fly
1650,Americana
1651,Adriatic Sea
1652,Tear Drop
1653,Turquoise Haze
1654,Pool Party
1655,Caribbean Azure
1656,Old Navy
1657,Cumulus Cotton
1658,Tidal Wave
1659,Deep Royal
1660,Crisp Morning Air
1661,St. Lucia Skies
1662,Lake Tahoe
1663,Mistral
1664,Morning Glory
1665,Highland Breeze
1666,Aquarius
1667,Sea to Shining Sea
1668,Skylark Song
1669,Grandma's Sweater
1670,Billowy Down
1671,Sapphireberry
1672,Utah Sky
1673,Caribbean Mist
1674,Caribbean Coast
1675,Rocky Mountain Sky
1676,Paradise View
1677,Faded Denim
1678,Palatial Skies
1679,San Francisco Bay
1680,Old Glory
1681,New York State of Mind
1682,North Sea
1683,Harbor Fog
1684,Bright and Early
1685,Mediterranean Breeze
1686,Lazy Sunday
1687,Grand Rapids
1688,Sea View
1689,Porcelain Glaze
1690,Sheer Romance
1691,Denim Wash
1692,Sheer Bliss
1693,Soft Sky
1694,Sapphire Ice
1695,Soft Jazz
1696,Indi Go-Go
1697,Jet Stream
1698,Waterloo
1699,Mosaic
1700,Delphinium
1701,Pearl
1702,Palace Pearl
1703,Azurite
1704,Mayo Teal
1705,Windmill Wings
1706,Watertown
1707,Midnight Navy
1708,Aqua Marina
1709,Waterdrop
1710,Southern Belle
1711,Wizard
1712,Riviera Azure
1713,Pressed Violet
1714,Yin Yang
1715,Stunning
1716,Evening Sky
1717,Airway
1718,Sunrise
1719,Blackberry Punch
1720,First Snowfall
1721,Lake Placid
1722,Flower Box
1723,Luxe
1724,Violet Dusk
1725,Yukon Sky
1726,Irises
1727,Amethyst Shadow
1728,French Violet
1729,Approaching Storm
1730,Spring Flowers
1731,Feather Soft
1732,Freesia
1733,Fancy Pants
1734,Deep Mulberry
1735,Violet Sparkle
1736,Dreamy
1737,Faded Violet
1738,Queen's Wreath
1739,Wood Violet
1740,Whispering Wind
1741,English Hyacinth
1742,Oriental Iris
1743,Persian Violet
1744,Softened Violet
1745,Grape Gum
1746,Majestic Violet
1747,Lavender Secret
1748,Victorian Trim
1749,California Lilac
1750,Blackberry Wine
1751,Black Berry
1752,Nosegay
1753,Angel's Wings
1754,Violet Stone
1755,Darkest Grape
1756,Super Nova
1757,Plum Martini
1758,Spring Iris
1759,Plum Royale
1760,Tulsa Twilight
1761,Lavender Ice
1762,French Lilac
1763,Crocus
1764,Snugglepuss
1765,Mauve Bauhaus
1766,Dark Lilac
1767,Iced Lavender
1768,North Cascades
1769,Central Mauve
1770,Spring Violet
1771,Tropical Dusk
1772,Nightfall Sky
1773,Galaxy
1774,Carbon Copy
1775,Slip
1776,African Violet
1777,Pebble Creek
1778,Hazy Lilac
1779,Cabernet
1780,Chambourd
1781,Piano Concerto
1782,Evening Skyline
1783,Vintage Charm
1784,Mountain Ridge
1785,Vintage Wine
1786,Night Horizon
1787,Violet Pearl
1788,After the Rain
1789,Amethyst Sky
1790,Frozen in Time
1791,Kasbah
1792,Night Shade
1793,Majestic Mauve
1794,New Age
1795,Iced Mauve
1796,Mauve Blush
1797,Sleepy Hollow
1798,Bonne Nuit
1799,Deep Caviar
1800,Inspired
1801,Amorous
1802,Wild Mulberry
1803,Camelot
1804,Dreamy Cloud
1805,Easter Ribbon
1806,Violet Petal
1807,Iris Bliss
1808,Pinot Grigio Grape
1809,Peerage
1810,Feathered Violet
1811,Beach Plum
1812,Lavender Lipstick
1813,Carolina Plum
1814,Wild Orchid
1815,Cupid's Dart
1816,Purplicious
1817,Sugarplum
1818,Grape Ice
1819,Mighty Aphrodite
1820,Charmed Violet
1821,Seduction
1822,Your Majesty
1823,Heather Plum
1824,Amethyst Cream
1825,Gentle Violet
1826,Spring Lilac
1827,Wishing Well
1828,Hydrangea
1829,Naples Sunset
1830,Fire and Ice
1831,Grappa
1832,Velvet Cloak
1833,Raindrops on Roses
1834,Peace and Happiness
1835,Plum Perfect
1836,Ultra Violet
1837,Taro
1838,Dark Basalt
1839,Rock Harbor Violet
1840,Hidden Sanctuary
1841,Angelina
1842,Passion Plum
1843,Eggplant
1844,Pale Iris
1845,Caribbean Sunset
1846,Lazy Afternoon
1847,Kalamata
1848,Grape Juice
1849,Jester
1850,Raspberry Ice
1851,Baby's Mittens
1852,Luscious
1853,Aplomb
1854,Dark Walnut
1855,Venetian Marble
1856,Hint of Violet
1857,Violetta
1858,Amazon Soil
1859,Incense Stick
1860,Appalachian Brown
1861,Wenge
1862,Oyster
1863,Victorian Mauve
1864,Desert Shadows
1865,Mississippi Mud
1866,Bittersweet Chocolate
1867,Antique Pearl
1868,Porcelain
1869,Mauve Desert
1870,Bison Brown
1871,Pine Cone Brown
1872,Chocolate Sundae
1873,Pink Essence
1874,Homespun Charm
1875,Mulberry Wine
1876,Mink Violet
1877,Pinch of Spice
1878,Fresco Urbain
1879,Barrett Brick
1880,Carter Plum
1881,Angelica
1882,Lilac Hush
1883,Gotham
1884,Coachman's Cape®
1885,Silhouette
1886,Willow
1887,A la Mode
1888,Smoked Oyster
1889,Stone Brown
1890,Black Bean Soup
1891,Cosmopolitan
1892,Plymouth Rock
1893,River Silt
1894,Sea Salt
1895,Shale
1896,River Reflections
1897,Iron Gate
1898,Abalone
1899,Wish
1900,Upper West Side
1901,Gothic Arch
1902,Grandma's China
1903,Barren Plain
1904,Apparition
1905,Stone Harbor
1906,Castle Gate
1907,Eagle Rock
1908,Silver Fox
1909,Smoke & Mirrors
1910,Taos Taupe
1911,Sparrow
1912,Seattle Mist
1913,Chateau
1914,Smoked Truffle
1915,Penthouse
1916,Brushed Aluminum
1917,Durango
1918,Kid Gloves
1919,Deep Creek
1920,Dragon's Breath
1921,Strand of Pearls®
1922,Greenwich Gate
1923,Urban Sophisticate
1924,Brandon Beige
1925,Raccoon Hollow
1926,Hushed Hue
1927,Worn Leather Shoes
1928,Abingdon Putty
1929,Crown Point Sand
1930,Baffin Island
1931,Providence Olive
1932,Smoke Bush
1933,Limestone
1934,Baby Turtle
1935,Ivy League
1936,Jungle Canopy
1937,Ice Milk
1938,Spa
1939,Lapland
1940,Elemental
1941,Hiking Path
1942,Savannah Shade
1943,Mediterranean Olive
1944,Stoneware
1945,Sage
1946,Evening Grove
1947,Olive Branch
1948,Bed of Ferns
1949,Pine Grove
1950,Sterling Forest
1951,Dried Basil
1952,Pining for You
1953,Country Life
1954,Night Owl
1955,River Rock
1956,Sweet Spring
1957,Doily
1958,Bayleaf
1959,Aegean Olive
1960,April Showers
1961,Paris Rain
1962,Texas Sage
1963,Gloucester Sage
1964,Southern Vine
1965,Spring Thaw
1966,Spanish Olive
1967,Passion Vine
1968,Trailing Vines
1969,Artichoke
1970,Wethersfield Moss
1971,Springfield Sage
1972,Dusty Miller
1973,Herbal Escape
1974,Sage Mountain
1975,Mohegan Sage
1976,Paper Doll
1977,Antique Pewter
1978,Desert Twilight
1979,Dark Olive
1980,Vapor Trails
1981,Sea Haze
1982,Oil Cloth
1983,Sharkskin
1984,Topsoil
1985,Cos Cob Stonewall
1986,Iron Mountain
1987,Light Pewter
1988,Nimbus
1989,Cape May Cobblestone
1990,Dolphin
1991,Barely There
1992,Picket Fence
1993,Smoke Embers
1994,Vintage Pewter
1995,Street Chic
1996,Asphalt
1997,Nightingale
1998,Fusion
1999,Willow Creek
2000,Barnwood
2001,Windy City
2002,Through the Looking Glass
2003,Stormy Monday
2004,Soho Loft
2005,Midsummer Night
2006,Whisper
2007,Wool Peacoat
2008,Granite
2009,Arctic Seal
2010,Shoreline
2011,Seersucker Suit
2012,Storm
2013,Wall Street
2014,Cinder
2015,Ice Fog
2016,Perspective®
2017,Subway Tile®
2018,Overcoat
2019,Midnight Oil
2020,Sterling
2021,Silver Chain
2022,Rainstorm
2023,Black Ink
2024,Alaskan Husky
2025,Sleigh Bells
2026,Secret
2027,City Shadow
2028,Silver Crest
2029,Cool Breeze
2030,Picnic Basket
2031,Greyhound
2032,Night Train
2033,Blacktop
2034,Quiet Moments
2035,Beach Glass
2036,Mount Saint Anne
2037,Gibraltar Cliffs
2038,After Midnight
2039,Silvery Moon
2040,Midnight
2041,Silver Mink
2042,Cloudy Sky
2043,Mountain Mist
2044,Soot
2045,Fanfare
2046,Silver Cloud
2047,Westcott Navy
2048,Solitude
2049,French Toile
2050,Normandy
2051,Abyss
2052,Winter Lake
2053,Little Falls
2054,Mineral Alloy
2055,Andes Summit
2056,Ebony King
2057,Silver Mist
2058,Coastline
2059,Montpelier
2060,Raccoon Fur
2061,November Skies
2062,Black Pepper
2063,Temptation
2064,Violet Mist
2065,Instinct
2066,Comet
2067,Eclipse
2068,Ocean Floor
2069,Cheating Heart
2070,Silver Lining
2071,Silver Spring
2072,Nickel
2073,Silver Streak
2074,Baby Seal Black
2075,Twilight Zone
2076,Iced Cube Silver
2077,Witching Hour
2078,Black Iron
2079,Jet Black
2080,Silver Half Dollar
2081,Pewter
2082,Steel Wool
2083,Wrought Iron
2084,Whitestone
2085,Stormy Sky
2086,Notre Dame
2087,Pebble Beach
2088,Adagio
2089,Rocky Coast
2090,Black Knight
2091,Silver Lake
2092,Gunmetal
2093,Graphite
2094,Midnight Dream
2095,Eternity
2096,Winter Solstice
2097,Cobblestone Path
2098,Englewood Cliffs
2099,Ashland Slate
2100,French Beret
2101,Pearl River
2102,Sweet Innocence
2103,Deep Silver
2104,Deep Space
2105,Black Panther
2106,Mineral Ice
2107,Charcoal Slate
2108,Deep Indigo
2109,Black Tar
2110,Early Frost
2111,Metallic Silver
2112,Pilgrim Haze
2113,Black Horizon
2114,Black Satin
2115,Lavender Wash
2116,Charcoal Linen
2117,Day's End
2118,Black Jack
2119,Onyx
2120,Misty Memories
2121,Sea Life
2122,Almost Black
2123,Ebony Slate
2124,Toucan Black
2125,Universal Black
2126,Heaven
2127,Wisteria
2128,Tempest
2129,Mythic
2130,Espresso Bean
2131,Black Beauty
2132,Slate
2133,Lampblack
2134,Bracken Slate
2135,Ambler Slate
2136,Mopboard Black
2137,Bone Black
2138,Tavern Charcoal
2139,Sea Froth
2140,Studio Clay
2141,Wood Grain Brown
2142,Rural Earth
2143,Brownstone
2144,Featherstone
2145,Knitting Basket
2146,Creekbed
2147,Hearthstone Brown
2148,Classic Brown
2149,Bride To Be
2150,Rose Dust
2151,Meadow Pink
2152,Whispering Woods
2153,Taupetone
2154,French Press
2155,Otter Brown
2156,Frosted Toffee
2157,Pinky Swear
2158,Whipped Mocha
2159,Firewood
2160,Middlebury Brown
2161,Branchport Brown
2162,Dellwood Sand
2163,Devonwood Taupe
2164,Clinton Brown
2165,Café Doppio
2166,Rocking Chair
2167,Mocha Cream
2168,Alphano Beige
2169,Hampshire Taupe
2170,Quietude
2171,Chocolate Velvet
2172,Mustang
2173,Kitten Whiskers
2174,Desert Light
2175,Hazelwood
2176,Evening Gown
2177,Brown Horse
2178,Sierra Spruce
2179,Smokey Taupe
2180,Old Soul
2181,Baja Dunes
2182,Beigewood
2183,Porcini
2184,Char Brown
2185,Etiquette
2186,Ticonderoga Taupe
2187,Beachcomber
2188,Whitall Brown
2189,Hope Chest
2190,Cotswold
2191,Cabot Trail
2192,Rustic Taupe
2193,Northwood Brown
2194,North Creek Brown
2195,Ionic Column
2196,Dusty Road
2197,Woodacres
2198,Long Valley Birch
2199,Rockies Brown
2200,Mocha Brown
2201,First Crush
2202,Carlisle Cream
2203,King Arthur's Court
2204,Cream Soda
2205,Beach House Beige
2206,Spanish Brown
2207,Coconut Grove
2208,Cocoa Sand
2209,Bradstreet Beige
2210,Interlude
2211,Cambridge Riverbed
2212,Maple Shadows
2213,Painted Sands
2214,Moccasin
2215,Palm Desert Tan
2216,Saddle Tan
2217,Acorn
2218,Deer Trail
2219,Sea Urchin
2220,Davenport Tan
2221,Kentucky Birch
2222,French Macaroon
2223,Bare Essence
2224,Bar Harbor Beige
2225,Truffle
2226,Pensive
2227,Taupe Fedora
2228,Buckhorn
2229,Everlasting
2230,Warm Sand
2231,Hillsborough Beige
2232,Clay
2233,Lodge
2234,Tamarind
2235,Cayman Islands
2236,Stone House
2237,Sherwood Tan
2238,Capilano Bridge
2239,Edgewood Rocks
2240,Mohair
2241,Blond Wood
2242,From the Archives
2243,Squire Hill Buff
2244,Camel Hair
2245,Algonquin Trail
2246,Maple Valley
2247,Cappuccino Froth
2248,Malton
2249,Fairway Oaks
2250,Brunswick Beige
2251,Hillcrest Tan
2252,Coriander Seed
2253,Ocean Beach
2254,Richmond Bisque
2255,Blanched Almond
2256,Twilight Gold
2257,Caramel Apple
2258,Weathered Oak
2259,Lighthouse Landing
2260,Lady Finger
2261,Spice Gold
2262,Tyler Taupe
2263,Scarecrow
2264,Toasted Marshmallow
2265,Powell Buff
2266,Oat Straw
2267,Wilmington Tan
2268,Decatur Buff
2269,Baked Cumin
2270,Barbados Sand
2271,Papaya
2272,Simple Pleasures
2273,Toasted Almond
2274,Byzantine Gold
2275,Cake Batter
2276,Putnam Ivory
2277,Oakwood Manor
2278,Sandy Brown
2279,Trench Coat
2280,Wet Clay
2281,Wicker Basket
2282,Alexandria Beige
2283,Dulce de Leche
2284,Turret
2285,Smoky Ash
2286,Stampede
2287,Hidden Cove
2288,Crisp Khaki
2289,Coastal Path
2290,Beach Haven
2291,Crumb Cake®
2292,Shelburne Buff
2293,Woodstock Tan
2294,Norwich Brown
2295,Simply Irresistible
2296,Philadelphia Cream
2297,Shortbread
2298,Rattan
2299,Iced Coffee
2300,Bittergreen
2301,Woodmont Cream
2302,Honey Harbor
2303,Pittsfield Buff
2304,Candle Glow
2305,Livingston Gold
2306,Aged Bronze
2307,Pearly Gates
2308,Happy Valley
2309,Amulet
2310,Avant Garde
2311,Silken Moss
2312,Morning Light
2313,Summer Harvest
2314,Bronzed Beige
2315,Waterbury Cream
2316,Sombrero
2317,Barley Grass
2318,Grenada Hills Gold
2319,Westchester Tan
2320,Norfolk Cream
2321,Consentino Chardonnay
2322,Straw Hat
2323,Shakespeare Tan
2324,Summerdale Gold
2325,Blair Gold
2326,Chatsworth Cream
2327,Almond Bisque
2328,Golden Divan
2329,Military Tan
2330,Seville Tan
2331,Olivetone
2332,Oatmeal
2333,Knitted Cape
2334,Adams Gold
2335,Warm & Toasty®
2336,Westwood Tan
2337,Millington Gold
2338,Acorn Squash
2339,Natural Beech
2340,Woven Jacquard
2341,Wandering Heart
2342,Honey Oak
2343,Princeton Gold
2344,Porter Ridge Tan
2345,Greenmount Silk
2346,Butter Cookie
2347,Light Khaki
2348,Gemstone
2349,Egyptian Sand
2350,Mustard Olive
2351,Twisted Oak Path
2352,Splendor
2353,Garden Stone
2354,Sandalwood
2355,Thyme
2356,Foot Hills
2357,Marble Canyon
2358,Yorkshire Tan
2359,Greenbrier Beige
2360,Danville Tan
2361,Urban Legend
2362,Make Believe
2363,Shiitake Mushroom
2364,Plaster of Paris®
2365,Lace Handkerchief
2366,Glacial Till
2367,Rocky Beach
2368,Mortar
2369,Fossil
2370,Stone Hearth
2371,Indian River
2372,Woodcliff Lake
2373,Silver Marlin
2374,Iced Marble
2375,Castle Walls
2376,Night Mist
2377,Raindance
2378,Intrigue
2379,Rainy Afternoon
2380,Ashwood Moss
2381,Tranquility
2382,Carolina Gull
2383,Deep River
2384,Ice Cap
2385,Sea Glass
2386,Rushing River
2387,Porch Swing
2388,Quarry Rock
2389,Nightfall
2390,Iced Slate
2391,Evening Dove
2392,Mysterious
2393,Bucktrout Brown
2394,Randolph Stone
2395,Tucker Chocolate
2396,Timson Sand
2397,Brick House Tan
2398,Revolutionary Storm
2399,Tarpley Brown
2400,Prentis Cream
2401,Bracken Cream
2402,Palace Tan
2403,Dixon Brown
2404,Calcite
2405,Cornice Tan
2406,Bracken Biscuit
2407,Brush Beige
2408,Coffeehouse Tan
2409,Everard Coffee
2410,Coffeehouse Chocolate
2411,Raleigh Tan
2412,Chowning's Tan
2413,Raleigh Sorrel
2414,Alabaster
2415,Gardenia
2416,Pink Damask
2417,Sand Dollar
2418,Vintage Taupe
2419,Colonial Cream
2420,Old Country
2421,Brandy Cream
2422,Butter Pecan
2423,Bare
2424,Old Fashioned Peach
2425,Pirates Cove Beach
2426,Cream Froth
2427,Ivory Tusk
2428,Desolate
2429,Lambskin
2430,Clay Beige
2431,Natural Wicker
2432,Gentle Cream
2433,Mayonnaise
2434,Windswept
2435,Antique Lace
2436,Vanilla Ice Cream
2437,Milkyway
2438,Calming Cream
2439,Goldtone
2440,Mascarpone
2441,Easter Lily
2442,Powder Sand
2443,Antiquity
2444,Pale Moon
2445,Niveous
2446,Elephant Tusk
2447,Calm
2448,Balboa Mist
2449,Collingwood
2450,Soft Chamois
2451,Dove Wing
2452,Ashwood
2453,Natural Cream
2454,Tapestry Beige
2455,Cotton Balls
2456,Bavarian Cream
2457,Lemon Chiffon
2458,Lemon Ice
2459,Cream Silk
2460,Pale Celery
2461,Minced Onion
2462,Ancient Ivory
2463,Paper Mache
2464,Halo
2465,Sea Wind
2466,Icicle
2467,Cloud Nine
2468,November Rain
2469,Morning Dew
2470,Hazy Skies
2471,Frostine
2472,Vanilla Milkshake
2473,Cascade Mountains
2474,Titanium
2475,Ice Mist
2476,Horizon
2477,Wedding Veil
2478,Palest Pistachio
2479,Marilyn's Dress
2480,Tundra
2481,Winter Snow
2482,Baby's Breath
2483,Harwood Putty
2484,Barn Red
2485,Laurentian Red
2486,Boxcar Red
2487,New Pilgrim Red
2488,Red Point Sand
2489,Parisian Red&reg;
2490,Redwood
2491,Embassy Green
2492,Cambridge Green
2493,Cheyenne Green
2494,Arbor White
2495,Berber White
2496,White Swan
2497,Bone White
2498,Monterey White
2499,Devonshire Green
2500,Ferndale Green
2501,Forest Valley Green
2502,Smoky Green
2503,Lewiville Green
2504,Atrium White
2505,White Christmas
2506,White Zinfandel
2507,Oxford White
2508,Albany White
2509,Dune White
2510,Ivory White
2511,White Rock
2512,China White
2513,White River
2514,Free Spirit
2515,Mansfield Tan
2516,Cocoa Butter
2517,Frappe
2518,Wildwood Crest
2519,Royal Silk
2520,Winter Wheat
2521,Pebble Rock
2522,Sandy Shores
2523,Natural Elements
2524,Sparkling Wine
2525,Puppy Paws
2526,Pelican Beach
2527,Muskoka Trail
2528,San Diego Cream
2529,Olympic Mountains
2530,Sandy Beaches
2531,Great Plains
2532,Oak Ridge
2533,Alaskan Skies
2534,Athena
2535,Old Montreal
2536,Sea Gull Gray
2537,Ashen Tan
2538,Subway Tile&reg;
2539,Dufferin Terrace
2540,Natural Cedartone
2541,Beige Gray
2542,Cobblestone
2543,Sea Pine
2544,Mt. Rushmore Rock
2545,Strathmore Manor
2546,Florentine Plaster
2547,Wild Aster
2548,Battenberg
2549,Ice Formations
2550,Ancient Oak
2551,Roosevelt Taupe
2552,Edgecomb Gray
2553,Virginia Beach
2554,Rock Candy
2555,Flurry
2556,Vanderberg Blue
2557,Catalina Blue
2558,Jet Blue
2559,Blue Grass
2560,Celtic Blue
2561,Del Mar Blue
2562,Piedmont Gray
2563,Bleached Gray
2564,Georgetown Gray
